<l:dependencies xmlns:l='licenses' groupId='org.jenkins-ci.plugins' artifactId='credentials' version='1.9.4'>
  <l:dependency name='Credentials Plugin' groupId='org.jenkins-ci.plugins' artifactId='credentials' version='1.9.4' url='http://wiki.jenkins-ci.org/display/JENKINS/Credentials+Plugin'>
    <l:description>This plugin allows you to store credentials in Jenkins.</l:description>
    <l:license name='The MIT license' url='http://www.opensource.org/licenses/mit-license.php' />
  </l:dependency>
  <l:dependency name='FindBugs-jsr305' groupId='com.google.code.findbugs' artifactId='jsr305' version='1.3.9' url='http://findbugs.sourceforge.net/'>
    <l:description>JSR305 Annotations for Findbugs</l:description>
    <l:license name='The Apache Software License, Version 2.0' url='http://www.apache.org/licenses/LICENSE-2.0.txt' />
  </l:dependency>
  <l:dependency name='Findbugs Annotations under Apache License' groupId='com.github.stephenc.findbugs' artifactId='findbugs-annotations' version='1.3.9-1' url='http://stephenc.github.com/findbugs-annotations'>
    <l:description>A clean room implementation of the Findbugs Annotations based entirely on the specification provided
    by the javadocs and at http://findbugs.sourceforge.net/manual/annotations.html.</l:description>
    <l:license name='Apache License, Version 2.0' url='http://www.apache.org/licenses/LICENSE-2.0.txt' />
  </l:dependency>
  <l:dependency name='"Java Concurrency in Practice" book annotations' groupId='net.jcip' artifactId='jcip-annotations' version='1.0' url='http://jcip.net/'>
    <l:description />
  </l:dependency>
</l:dependencies>