<?xml version="1.0" encoding="UTF-8"?>
<l:dependencies xmlns:l='licenses' groupId='com.sonyericsson.jenkins.plugins.bfa' artifactId='build-failure-analyzer' version='1.5.1'><l:dependency name='Build Failure Analyzer' groupId='com.sonyericsson.jenkins.plugins.bfa' artifactId='build-failure-analyzer' version='1.5.1' url='http://wiki.jenkins-ci.org/display/JENKINS/Build+Failure+Analyzer'><l:description>Jenkins Build Failure Analyzer Plugin</l:description><l:license name='MIT' url=''/><l:license name='MIT' url=''/></l:dependency><l:dependency name='MongoDB Jackson POJO Mapper' groupId='net.vz.mongodb.jackson' artifactId='mongo-jackson-mapper' version='1.4.1' url='https://github.com/vznet/mongo-jackson-mapper'><l:description>Maps Mongo BSON objects to Jackson annotated POJOs</l:description><l:license name='Apache 2' url='http://www.apache.org/licenses/LICENSE-2.0.txt'/></l:dependency><l:dependency name='JUnit' groupId='junit' artifactId='junit' version='4.8.1' url='http://junit.org'><l:description>JUnit is a regression testing framework written by Erich Gamma and Kent Beck. It is used by the developer who implements unit tests in Java.</l:description><l:license name='Common Public License Version 1.0' url='http://www.opensource.org/licenses/cpl1.0.txt'/></l:dependency><l:dependency name='persistence-api' groupId='javax.persistence' artifactId='persistence-api' version='1.0.2' url=''><l:description/></l:dependency><l:dependency name='Data Mapper for Jackson' groupId='org.codehaus.jackson' artifactId='jackson-mapper-asl' version='1.9.6' url='http://jackson.codehaus.org'><l:description>Data Mapper package is a high-performance data binding package
built on Jackson JSON processor</l:description><l:license name='The Apache Software License, Version 2.0' url='http://www.apache.org/licenses/LICENSE-2.0.txt'/></l:dependency><l:dependency name='MongoDB Java Driver' groupId='org.mongodb' artifactId='mongo-java-driver' version='2.7.3' url='http://www.mongodb.org'><l:description>The MongoDB Java driver</l:description><l:license name='The Apache Software License, Version 2.0' url='http://www.apache.org/licenses/LICENSE-2.0.txt'/></l:dependency><l:dependency name='bson4jackson' groupId='de.undercouch' artifactId='bson4jackson' version='1.3.0' url='http://www.michel-kraemer.de'><l:description>A pluggable BSON generator and parser for Jackson JSON processor.</l:description><l:license name='The Apache Software License, Version 2.0' url='http://www.apache.org/licenses/LICENSE-2.0.txt'/></l:dependency><l:dependency name='Jackson' groupId='org.codehaus.jackson' artifactId='jackson-core-asl' version='1.9.6' url='http://jackson.codehaus.org'><l:description>Jackson is a high-performance JSON processor (parser, generator)</l:description><l:license name='The Apache Software License, Version 2.0' url='http://www.apache.org/licenses/LICENSE-2.0.txt'/></l:dependency></l:dependencies>