<?xml version="1.0" encoding="UTF-8"?><log><logentry revision="230"><author>pannellw</author><date>2013-12-10T04:12:37.385004Z</date><paths><path action="M" kind="file">/trunk/chef/vantage3-infrastructure-repo/.git/index</path><path action="A" kind="file">/trunk/chef/vantage3-infrastructure-repo/bootstrap.node.bat</path></paths><msg>now supports parameterized batch file to call from CI and pass the ipaddress of the node</msg></logentry><logentry revision="233"><author>pannellw</author><date>2013-12-10T04:24:34.264592Z</date><paths><path action="A" kind="file">/trunk/chef/vantage3-infrastructure-repo/.git/objects/42/16b1b16ec26c10ffff3b3a8c07c0d1b3bc341c</path><path action="M" kind="file">/trunk/chef/vantage3-infrastructure-repo/.git/index</path><path action="A" kind="file">/trunk/chef/vantage3-infrastructure-repo/.git/objects/33/26ae503bb2a4926fbd5f61a660d1e5ff260a3e</path><path action="M" kind="file">/trunk/chef/vantage3-infrastructure-repo/cookbooks/powershell/.DS_Store</path><path action="M" kind="file">/trunk/chef/vantage3-infrastructure-repo/cookbooks/powershell/files/default/web.zip</path><path action="A" kind="dir">/trunk/chef/vantage3-infrastructure-repo/.git/objects/42</path><path action="A" kind="dir">/trunk/chef/vantage3-infrastructure-repo/.git/objects/55</path><path action="M" kind="file">/trunk/chef/vantage3-infrastructure-repo/cookbooks/powershell/files/.DS_Store</path><path action="A" kind="file">/trunk/chef/vantage3-infrastructure-repo/.git/objects/70/fde312f78a8ed7002e17baeed9d14057e7c5de</path><path action="M" kind="file">/trunk/chef/vantage3-infrastructure-repo/.git/logs/HEAD</path><path action="A" kind="file">/trunk/chef/vantage3-infrastructure-repo/.git/objects/c3/8ccf626323390ceefb37f3464798a720d98b81</path><path action="A" kind="file">/trunk/chef/vantage3-infrastructure-repo/.git/objects/90/b7526ab9ae662ad31382f80df197bdbd675204</path><path action="M" kind="file">/trunk/chef/vantage3-infrastructure-repo/cookbooks/.DS_Store</path><path action="A" kind="file">/trunk/chef/vantage3-infrastructure-repo/.git/objects/55/6548931d15c77ff466559e1b1fe0fd3643c653</path><path action="A" kind="file">/trunk/chef/vantage3-infrastructure-repo/.git/objects/c4/2511a77b9c0b1f5a5370e0022d55490cc93420</path><path action="A" kind="file">/trunk/chef/vantage3-infrastructure-repo/.git/objects/3e/7fcc9524c186583f5706e1d9fc968c9389d0ab</path><path action="M" kind="file">/trunk/chef/vantage3-infrastructure-repo/.git/logs/refs/heads/master</path><path action="M" kind="file">/trunk/chef/vantage3-infrastructure-repo/.git/COMMIT_EDITMSG</path><path action="M" kind="file">/trunk/chef/vantage3-infrastructure-repo/.git/refs/heads/master</path></paths><msg>updated web.zip with IP address hard-coded as precursor to configuring the web app with it</msg></logentry></log>