<?xml version="1.0" encoding="UTF-8"?>
<l:dependencies xmlns:l='licenses' groupId='org.jenkins-ci.plugins' artifactId='artifactory' version='2.2.1'><l:dependency name='Jenkins Artifactory Plugin' groupId='org.jenkins-ci.plugins' artifactId='artifactory' version='2.2.1' url='http://wiki.jenkins-ci.org/display/JENKINS/Artifactory+Plugin'><l:description>Integrates Artifactory to Jenkins</l:description><l:license name='The Apache Software License, Version 2.0' url='http://www.apache.org/licenses/LICENSE-2.0.txt'/></l:dependency><l:dependency name='build-info-extractor' groupId='org.jfrog.buildinfo' artifactId='build-info-extractor' version='2.2.3' url='http://wiki.jfrog.org/confluence/display/RTF/Build+Integration'><l:description/><l:license name='The Apache Software License, Version 2.0' url='http://www.apache.org/licenses/LICENSE-2.0.txt'/></l:dependency><l:dependency name='Data Mapper for Jackson' groupId='org.codehaus.jackson' artifactId='jackson-mapper-asl' version='1.5.1' url='http://jackson.codehaus.org'><l:description>Data Mapper package is a high-performance data binding package
built on Jackson JSON processor</l:description><l:license name='The Apache Software License, Version 2.0' url='http://www.apache.org/licenses/LICENSE-2.0.txt'/></l:dependency><l:dependency name='Default Plexus Container' groupId='plexus' artifactId='plexus-container-default' version='1.0-alpha-6' url=''><l:description/></l:dependency><l:dependency name='Guava (Google Common Libraries)' groupId='com.google.guava' artifactId='guava' version='r08' url='http://code.google.com/p/guava-libraries'><l:description>Guava is a suite of core and expanded libraries that include 
    utility classes, google's collections, io classes, and much 
    much more.
    
    This project is a complete packaging of all the Guava libraries
    into a single jar.  Individual portions of Guava can be used
    by downloading the appropriate module and its dependencies.
    
    Guava (complete) has only one code dependency - javax.annotation,
    per the JSR-305 spec.</l:description><l:license name='The Apache Software License, Version 2.0' url='http://www.apache.org/licenses/LICENSE-2.0.txt'/></l:dependency><l:dependency name='JSR-250 Common Annotations for the JavaTM Platform' groupId='javax.annotation' artifactId='jsr250-api' version='1.0' url='http://jcp.org/aboutJava/communityprocess/final/jsr250/index.html'><l:description>JSR-250 Reference Implementation by Glassfish</l:description><l:license name='COMMON DEVELOPMENT AND DISTRIBUTION LICENSE (CDDL) Version 1.0' url='https://glassfish.dev.java.net/public/CDDLv1.0.html'/></l:dependency><l:dependency name='JDOM' groupId='org.jdom' artifactId='jdom' version='1.1' url='http://www.jdom.org/'><l:description>JDOM is, quite simply, a Java representation of an XML document. JDOM provides a way to represent that document for
    easy and efficient reading, manipulation, and writing. It has a straightforward API, is a lightweight and fast, and
    is optimized for the Java programmer. It's an alternative to DOM and SAX, although it integrates well with both DOM
    and SAX.</l:description></l:dependency><l:dependency name='Commons Lang' groupId='commons-lang' artifactId='commons-lang' version='2.4' url='http://commons.apache.org/lang/'><l:description>Commons Lang, a package of Java utility classes for the
        classes that are in java.lang's hierarchy, or are considered to be so
        standard as to justify existence in java.lang.</l:description><l:license name='The Apache Software License, Version 2.0' url='http://www.apache.org/licenses/LICENSE-2.0.txt'/></l:dependency><l:dependency name='Commons Codec' groupId='commons-codec' artifactId='commons-codec' version='1.4' url='http://commons.apache.org/codec/'><l:description>The codec package contains simple encoder and decoders for
     various formats such as Base64 and Hexadecimal.  In addition to these
     widely used encoders and decoders, the codec package also maintains a
     collection of phonetic encoding utilities.</l:description><l:license name='The Apache Software License, Version 2.0' url='http://www.apache.org/licenses/LICENSE-2.0.txt'/></l:dependency><l:dependency name='Groovy' groupId='org.codehaus.groovy' artifactId='groovy-all' version='2.1.6' url='http://groovy.codehaus.org/'><l:description>Groovy: A powerful, dynamic language for the JVM</l:description><l:license name='The Apache Software License, Version 2.0' url='http://www.apache.org/licenses/LICENSE-2.0.txt'/></l:dependency><l:dependency name='build-info-extractor-ivy' groupId='org.jfrog.buildinfo' artifactId='build-info-extractor-ivy' version='2.2.2' url='http://wiki.jfrog.org/confluence/display/RTF/Build+Integration'><l:description/><l:license name='The Apache Software License, Version 2.0' url='http://www.apache.org/licenses/LICENSE-2.0.txt'/></l:dependency><l:dependency name='MXP1: Xml Pull Parser 3rd Edition (XPP3)' groupId='xpp3' artifactId='xpp3_min' version='1.1.4c' url='http://www.extreme.indiana.edu/xgws/xsoap/xpp/mxp1/'><l:description>MXP1 is a stable XmlPull parsing engine that is based on ideas from XPP and in particular XPP2 but completely revised and rewritten to take the best advantage of latest JIT JVMs such as Hotspot in JDK 1.4+.</l:description><l:license name='Indiana University Extreme! Lab Software License, vesion 1.1.1' url='http://www.extreme.indiana.edu/viewcvs/~checkout~/XPP3/java/LICENSE.txt'/><l:license name='Public Domain' url='http://creativecommons.org/licenses/publicdomain'/></l:dependency><l:dependency name='Commons Logging' groupId='commons-logging' artifactId='commons-logging' version='1.1.1' url='http://commons.apache.org/logging'><l:description>Commons Logging is a thin adapter allowing configurable bridging to other,
    well known logging systems.</l:description><l:license name='The Apache Software License, Version 2.0' url='http://www.apache.org/licenses/LICENSE-2.0.txt'/></l:dependency><l:dependency name='HttpCore' groupId='org.apache.httpcomponents' artifactId='httpcore' version='4.2.4' url='http://hc.apache.org/httpcomponents-core-ga'><l:description>HttpComponents Core (blocking I/O)</l:description><l:license name='Apache License' url='LICENSE.txt'/></l:dependency><l:dependency name='build-info-client' groupId='org.jfrog.buildinfo' artifactId='build-info-client' version='2.2.3' url='http://wiki.jfrog.org/confluence/display/RTF/Build+Integration'><l:description/><l:license name='The Apache Software License, Version 2.0' url='http://www.apache.org/licenses/LICENSE-2.0.txt'/></l:dependency><l:dependency name='build-info-extractor-gradle' groupId='org.jfrog.buildinfo' artifactId='build-info-extractor-gradle' version='2.2.2' url='http://wiki.jfrog.org/confluence/display/RTF/Build+Integration'><l:description/><l:license name='The Apache Software License, Version 2.0' url='http://www.apache.org/licenses/LICENSE-2.0.txt'/></l:dependency><l:dependency name='HttpClient' groupId='org.apache.httpcomponents' artifactId='httpclient' version='4.2.5' url='http://hc.apache.org/httpcomponents-client'><l:description>HttpComponents Client (base module)</l:description><l:license name='Apache License' url='LICENSE.txt'/></l:dependency><l:dependency name='Jackson' groupId='org.codehaus.jackson' artifactId='jackson-core-asl' version='1.5.1' url='http://jackson.codehaus.org'><l:description>Jackson is a high-performance JSON processor (parser, generator)</l:description><l:license name='The Apache Software License, Version 2.0' url='http://www.apache.org/licenses/LICENSE-2.0.txt'/></l:dependency><l:dependency name='build-info-vcs' groupId='org.jfrog.buildinfo' artifactId='build-info-vcs' version='2.2.3' url='http://wiki.jfrog.org/confluence/display/RTF/Build+Integration'><l:description/><l:license name='The Apache Software License, Version 2.0' url='http://www.apache.org/licenses/LICENSE-2.0.txt'/></l:dependency><l:dependency name='build-info-api' groupId='org.jfrog.buildinfo' artifactId='build-info-api' version='2.2.3' url='http://wiki.jfrog.org/confluence/display/RTF/Build+Integration'><l:description/><l:license name='The Apache Software License, Version 2.0' url='http://www.apache.org/licenses/LICENSE-2.0.txt'/></l:dependency><l:dependency name='JZlib' groupId='com.jcraft' artifactId='jzlib' version='1.1.2' url='http://www.jcraft.com/jzlib/'><l:description>JZlib is a re-implementation of zlib in pure Java</l:description><l:license name='Revised BSD' url='http://www.jcraft.com/jzlib/LICENSE.txt'/></l:dependency><l:dependency name='Aether API' groupId='org.eclipse.aether' artifactId='aether-api' version='0.9.0.M3' url='http://www.eclipse.org/aether/aether-api/'><l:description>The application programming interface for the repository system.</l:description><l:license name='Eclipse Public License, Version 1.0' url='http://www.eclipse.org/legal/epl-v10.html'/></l:dependency><l:dependency name='classworlds' groupId='classworlds' artifactId='classworlds' version='1.1-alpha-2' url='http://classworlds.codehaus.org/'><l:description></l:description></l:dependency><l:dependency name='Plexus Common Utilities' groupId='plexus' artifactId='plexus-utils' version='1.0.2' url=''><l:description/></l:dependency><l:dependency name='Aether Utilities' groupId='org.eclipse.aether' artifactId='aether-util' version='0.9.0.M3' url='http://www.eclipse.org/aether/aether-util/'><l:description>A collection of utility classes to ease usage of the repository system.</l:description><l:license name='Eclipse Public License, Version 1.0' url='http://www.eclipse.org/legal/epl-v10.html'/></l:dependency><l:dependency name='Perforce Java API' groupId='com.perforce' artifactId='p4java-jfrog' version='2011.1.297684' url='http://www.perforce.com'><l:description>P4Java, the Perforce Java API is a Java-native API for accessing Perforce SCM services from within Java applications, servlets, plug-ins, and other Java contexts.</l:description><l:license name='Perforce Software' url='p4java-2011.1.297684-license.txt'/></l:dependency><l:dependency name='build-info-extractor-maven3' groupId='org.jfrog.buildinfo' artifactId='build-info-extractor-maven3' version='2.2.2' url='http://wiki.jfrog.org/confluence/display/RTF/Build+Integration'><l:description/><l:license name='The Apache Software License, Version 2.0' url='http://www.apache.org/licenses/LICENSE-2.0.txt'/></l:dependency></l:dependencies>