<l:dependencies xmlns:l='licenses' groupId='org.jenkins-ci.plugins' artifactId='buildgraph-view' version='1.1.1'><l:dependency name='buildgraph-view' groupId='org.jenkins-ci.plugins' artifactId='buildgraph-view' version='1.1.1' url='https://wiki.jenkins-ci.org/display/JENKINS/Build+Graph+View+Plugin'><l:description/></l:dependency><l:dependency name='JGraphT' groupId='org.jgrapht' artifactId='jgrapht-jdk1.5' version='0.7.3' url='http://jgrapht.sourceforge.net'><l:description>JGraphT is a free Java graph library
     that provides mathematical graph-theory objects and algorithms</l:description><l:license name='GNU Lesser General Public License Version 2.1, February 1999' url='http://jgrapht.sourceforge.net/LGPL.html'/></l:dependency></l:dependencies>