<?xml version='1.0' encoding='UTF-8'?>
<hudson.scm.SubversionSCM_-DescriptorImpl plugin="subversion@1.54">
  <generation>23</generation>
  <credentials class="hashtable">
    <entry>
      <string>&lt;http://sunmvsvn01.nala.roche.com:80&gt; CollabNet Subversion Repository</string>
      <hudson.scm.SubversionSCM_-DescriptorImpl_-PasswordCredential>
        <userName>pannellw</userName>
        <password>VjzWlsuTBxR8Fl9GHRc0bPFkiPkljMxYh3trEMvP5dtH8hM0aeIsevsGHPG3ZkHp</password>
      </hudson.scm.SubversionSCM_-DescriptorImpl_-PasswordCredential>
    </entry>
  </credentials>
  <workspaceFormat>100</workspaceFormat>
  <validateRemoteUpToVar>false</validateRemoteUpToVar>
  <storeAuthToDisk>true</storeAuthToDisk>
</hudson.scm.SubversionSCM_-DescriptorImpl>