<?xml version='1.0' encoding='UTF-8'?>
<hudson.plugins.jira.JiraProjectProperty_-DescriptorImpl plugin="jira@1.39">
  <sites>
    <hudson.plugins.jira.JiraSite>
      <url>http://jira.intranet.roche.com/jira/</url>
      <alternativeUrl>http://jira.intranet.roche.com/jira/</alternativeUrl>
      <useHTTPAuth>false</useHTTPAuth>
      <userName>pannellw</userName>
      <password>CLNYABC123abc</password>
      <supportsWikiStyleComment>false</supportsWikiStyleComment>
      <recordScmChanges>true</recordScmChanges>
      <updateJiraIssueForAllStatus>true</updateJiraIssueForAllStatus>
    </hudson.plugins.jira.JiraSite>
  </sites>
</hudson.plugins.jira.JiraProjectProperty_-DescriptorImpl>