<?xml version='1.0' encoding='UTF-8'?>
<org.jenkinsci.plugins.fxcop__runner.FxCopBuilder_-DescriptorImpl plugin="fxcop-runner@1.1">
  <installations>
    <org.jenkinsci.plugins.fxcop__runner.FxCopInstallation>
      <name>FxCop 12.0</name>
      <home>C:\Program Files (x86)\Microsoft Visual Studio 12.0\Team Tools\Static Analysis Tools\FxCop\FxCopCmd.exe</home>
      <properties/>
    </org.jenkinsci.plugins.fxcop__runner.FxCopInstallation>
  </installations>
</org.jenkinsci.plugins.fxcop__runner.FxCopBuilder_-DescriptorImpl>