<?xml version="1.0" encoding="UTF-8"?><log><logentry revision="384"><author>biniwalh</author><date>2013-12-19T15:33:15.324637Z</date><paths><path action="M" kind="file">/trunk/server/Design/SurePath/Vantage.Design.SurePath/VTG_145/UMLScanSpecimen_VTG_145.classdiagram</path><path action="M" kind="file">/trunk/server/Design/SurePath/Vantage.Design.SurePath/ModelDefinition/Vantage.Design.SurePath.uml</path><path action="M" kind="file">/trunk/server/Design/SurePath/Vantage.Design.SurePath/VTG_114/UMLCreateTubeWhenSpecimenScan_VTG_114.classdiagram</path><path action="M" kind="file">/trunk/server/Design/SurePath/Vantage.Design.SurePath/VTG_183/UMLTubeSlideScan_VTG_183.sequencediagram.layout</path><path action="M" kind="file">/trunk/server/Design/SurePath/Vantage.Design.SurePath/VTG_183/UMLTubeSlideScan_VTG_183.sequencediagram</path><path action="M" kind="file">/trunk/server/Design/SurePath/Vantage.Design.SurePath/VTG_114/UMLCreateTubeWhenSpecimenScan_VTG_114.classdiagram.layout</path><path action="M" kind="file">/trunk/server/Design/SurePath/Vantage.Design.SurePath/VTG_145/UMLScanSpecimen_VTG_145.classdiagram.layout</path><path action="M" kind="file">/trunk/server/Design/SurePath/Vantage.Design.SurePath/VTG_114/UMLCreateTubeWhenSpecimenScan_VTG_114.sequencediagram</path><path action="M" kind="file">/trunk/server/Design/SurePath/Vantage.Design.SurePath/VTG_145/UMLScanSpecimen_VTG_145.sequencediagram.layout</path><path action="M" kind="file">/trunk/server/Design/SurePath/Vantage.Design.SurePath/VTG_145/UMLScanSpecimen_VTG_145.sequencediagram</path><path action="M" kind="file">/trunk/server/Design/SurePath/Vantage.Design.SurePath/VTG_114/UMLCreateTubeWhenSpecimenScan_VTG_114.sequencediagram.layout</path></paths><msg>Updated Sequence and class diagram</msg></logentry></log>