<?xml version="1.0" encoding="utf-8"?>
<AdminDeploymentCustomizations xmlns="http://schemas.microsoft.com/wix/2011/AdminDeployment">
   <BundleCustomizations TargetDir="default" NoWeb="yes"/>

   <SelectableItemCustomizations>
     <SelectableItemCustomization Id="Blend" Hidden="no" Selected="yes" />
     <SelectableItemCustomization Id="LightSwitch" Hidden="no" Selected="yes" />
     <SelectableItemCustomization Id="VC_MFC_Libraries" Hidden="no" Selected="yes" />
     <SelectableItemCustomization Id="OfficeDeveloperTools" Hidden="no" Selected="yes" />
     <SelectableItemCustomization Id="SQL" Hidden="no" Selected="yes" />
     <SelectableItemCustomization Id="WebTools" Hidden="no" Selected="yes" />
     <SelectableItemCustomization Id="Win8SDK" Hidden="no" Selected="no" />
     <SelectableItemCustomization Id="SilverLight_Developer_Kit" Hidden="no" Selected="yes" />
     <SelectableItemCustomization Id="WindowsPhone80" Hidden="no" Selected="no" />

     <SelectableItemCustomization Id="BlissHidden" Selected="yes" />
     <SelectableItemCustomization Id="HelpHidden" Selected="yes" />
     <SelectableItemCustomization Id="IntelliTraceUltimateHidden" Selected="yes" />
     <SelectableItemCustomization Id="LocalDBHidden" Selected="yes" />
     <SelectableItemCustomization Id="NetFX4Hidden" Selected="yes" />
     <SelectableItemCustomization Id="NetFX45Hidden" Selected="yes" />
     <SelectableItemCustomization Id="PortableDTPHidden" Selected="yes" />
     <SelectableItemCustomization Id="PreEmptiveDotfuscatorHidden" Selected="yes" />
     <SelectableItemCustomization Id="PreEmptiveAnalyticsHidden" Selected="yes" />
     <SelectableItemCustomization Id="ProfilerHidden" Selected="yes" />
     <SelectableItemCustomization Id="ReportingHidden" Selected="yes" />
     <SelectableItemCustomization Id="SDKTools3Hidden" Selected="yes" />
     <SelectableItemCustomization Id="SDKTools4Hidden" Selected="yes" />
     <SelectableItemCustomization Id="Silverlight5DRTHidden" Selected="yes" />
     <SelectableItemCustomization Id="SQLCEHidden" Selected="yes" />
     <SelectableItemCustomization Id="SQLCLRTypesHidden" Selected="yes" />
     <SelectableItemCustomization Id="SQLDACHidden" Selected="yes" />
     <SelectableItemCustomization Id="SQLDOMHidden" Selected="yes" />
     <SelectableItemCustomization Id="SQLSharedManagementObjectsHidden" Selected="yes" />
     <SelectableItemCustomization Id="StoryboardingHidden" Selected="yes" />
     <SelectableItemCustomization Id="TSQLHidden" Selected="yes" />
     <SelectableItemCustomization Id="VCCompilerHidden" Selected="yes" />
     <SelectableItemCustomization Id="VCCoreHidden" Selected="yes" />
     <SelectableItemCustomization Id="VCDebugHidden" Selected="yes" />
     <SelectableItemCustomization Id="VCDesigntimeHidden" Selected="yes" />
     <SelectableItemCustomization Id="VCExtendedHidden" Selected="yes" />
     <SelectableItemCustomization Id="WinJSHidden" Selected="yes" />
     <SelectableItemCustomization Id="WinSDKHidden" Selected="yes" />
  </SelectableItemCustomizations>

</AdminDeploymentCustomizations>









