<?xml version="1.0" encoding="UTF-8"?>
<l:dependencies xmlns:l='licenses' groupId='org.jenkins-ci.plugins' artifactId='cobertura' version='1.9.3'><l:dependency name='Jenkins Cobertura Plugin' groupId='org.jenkins-ci.plugins' artifactId='cobertura' version='1.9.3' url='http://wiki.jenkins-ci.org/display/JENKINS/Cobertura+Plugin'><l:description/></l:dependency><l:dependency name='GNU Trove' groupId='net.sf.trove4j' artifactId='trove4j' version='3.0.3' url='http://trove4j.sf.net'><l:description>The Trove library provides high speed regular and primitive
        collections for Java.</l:description><l:license name='GNU Lesser General Public License 2.1' url='http://www.gnu.org/licenses/lgpl-2.1.txt'/></l:dependency></l:dependencies>