<l:dependencies xmlns:l='licenses' groupId='org.jenkins-ci.plugins' artifactId='all-changes' version='1.3'>
  <l:dependency name='All changes plugin' groupId='org.jenkins-ci.plugins' artifactId='all-changes' version='1.3' url='http://wiki.jenkins-ci.org/display/JENKINS/All+Changes+Plugin'>
    <l:description>Shows more changes on the project page</l:description>
    <l:license name='The MIT license' url='http://www.opensource.org/licenses/mit-license.php' />
  </l:dependency>
  <l:dependency name='HttpClient' groupId='commons-httpclient' artifactId='commons-httpclient' version='3.1' url='http://jakarta.apache.org/httpcomponents/httpclient-3.x/'>
    <l:description>The HttpClient  component supports the client-side of RFC 1945 (HTTP/1.0)  and RFC 2616 (HTTP/1.1) , several related specifications (RFC 2109 (Cookies) , RFC 2617 (HTTP Authentication) , etc.), and provides a framework by which new request types (methods) or HTTP extensions can be created easily.</l:description>
    <l:license name='Apache License' url='http://www.apache.org/licenses/LICENSE-2.0' />
  </l:dependency>
  <l:dependency name='Xerces2 Java Parser' groupId='xerces' artifactId='xercesImpl' version='2.9.1' url='http://xerces.apache.org/xerces2-j'>
    <l:description>Xerces2 is the next generation of high performance, fully compliant XML parsers in the
    Apache Xerces family. This new version of Xerces introduces the Xerces Native Interface (XNI),
    a complete framework for building parser components and configurations that is extremely
    modular and easy to program.</l:description>
    <l:license name='The Apache Software License, Version 2.0' url='http://www.apache.org/licenses/LICENSE-2.0.txt' />
  </l:dependency>
</l:dependencies>