<?xml version="1.0" encoding="UTF-8"?><log><logentry revision="238"><author>pannellw</author><date>2013-12-10T05:16:42.440863Z</date><paths><path action="A" kind="file">/trunk/chef/vantage3-infrastructure-repo/cookbooks/windows/attributes/default.rb</path><path action="A" kind="file">/trunk/chef/vantage3-infrastructure-repo/cookbooks/windows/resources/printer.rb</path><path action="A" kind="file">/trunk/chef/vantage3-infrastructure-repo/cookbooks/windows/libraries/windows_privileged.rb</path><path action="A" kind="file">/trunk/chef/vantage3-infrastructure-repo/cookbooks/iis/recipes/vantage-site-stop.rb</path><path action="A" kind="file">/trunk/chef/vantage3-infrastructure-repo/cookbooks/iis/recipes/vantage-app-pool-start-services-sql-lite.rb</path><path action="A" kind="file">/trunk/chef/vantage3-infrastructure-repo/cookbooks/iis/recipes/mod_cgi.rb</path><path action="A" kind="file">/trunk/chef/vantage3-infrastructure-repo/cookbooks/powershell/recipes/vantage-delete-cytology-surepath-folder.rb</path><path action="A" kind="file">/trunk/chef/vantage3-infrastructure-repo/cookbooks/iis/recipes/install_netfx3.rb</path><path action="A" kind="file">/trunk/chef/vantage3-infrastructure-repo/cookbooks/powershell/recipes/vantage-deploy-services-archive.rb</path><path action="A" kind="file">/trunk/chef/vantage3-infrastructure-repo/cookbooks/webpi/attributes/default.rb</path><path action="A" kind="file">/trunk/chef/vantage3-infrastructure-repo/cookbooks/windows/recipes/reboot_handler.rb</path><path action="A" kind="file">/trunk/chef/vantage3-infrastructure-repo/cookbooks/powershell/recipes/vantage-install-dotnet35.rb</path><path action="A" kind="file">/trunk/chef/vantage3-infrastructure-repo/cookbooks/chef_handler/metadata.json</path><path action="A" kind="file">/trunk/chef/vantage3-infrastructure-repo/cookbooks/iis/recipes/vantage-app-create-cytology-surepath.rb</path><path action="A" kind="file">/trunk/chef/vantage3-infrastructure-repo/cookbooks/powershell/files/default/vantage3.db.zip</path><path action="A" kind="file">/trunk/chef/vantage3-infrastructure-repo/cookbooks/windows/resources/task.rb</path><path action="A" kind="dir">/trunk/chef/vantage3-infrastructure-repo/cookbooks/chef_handler</path><path action="A" kind="file">/trunk/chef/vantage3-infrastructure-repo/knife bootstrap windows winrm 172.16.6.128 --winrm</path><path action="A" kind="dir">/trunk/chef/vantage3-infrastructure-repo/cookbooks/powershell/libraries</path><path action="A" kind="file">/trunk/chef/vantage3-infrastructure-repo/cookbooks/windows/resources/zipfile.rb</path><path action="A" kind="file">/trunk/chef/vantage3-infrastructure-repo/cookbooks/iis/providers/module.rb</path><path action="A" kind="file">/trunk/chef/vantage3-infrastructure-repo/cookbooks/chef_handler/README.md</path><path action="A" kind="file">/trunk/chef/vantage3-infrastructure-repo/cookbooks/7-zip/metadata.rb</path><path action="A" kind="dir">/trunk/chef/vantage3-infrastructure-repo/cookbooks/webpi/attributes</path><path action="A" kind="file">/trunk/chef/vantage3-infrastructure-repo/cookbooks/powershell/recipes/vantage-install-apollo-archive.rb</path><path action="A" kind="dir">/trunk/chef/vantage3-infrastructure-repo/cookbooks/windows/files/default/handlers</path><path action="A" kind="file">/trunk/chef/vantage3-infrastructure-repo/cookbooks/powershell/recipes/vantage-enable-windows-updates.rb</path><path action="A" kind="dir">/trunk/chef/vantage3-infrastructure-repo/cookbooks/webpi</path><path action="A" kind="dir">/trunk/chef/vantage3-infrastructure-repo/cookbooks/7-zip/attributes</path><path action="A" kind="file">/trunk/chef/vantage3-infrastructure-repo/cookbooks/chef_handler/CHANGELOG.md</path><path action="A" kind="dir">/trunk/chef/vantage3-infrastructure-repo/cookbooks</path><path action="A" kind="file">/trunk/chef/vantage3-infrastructure-repo/cookbooks/iis/recipes/mod_auth_windows.rb</path><path action="A" kind="file">/trunk/chef/vantage3-infrastructure-repo/cookbooks/powershell/files/default/web.zip</path><path action="A" kind="dir">/trunk/chef/vantage3-infrastructure-repo/cookbooks/powershell/providers</path><path action="A" kind="file">/trunk/chef/vantage3-infrastructure-repo/cookbooks/webpi/providers/product.rb</path><path action="A" kind="file">/trunk/chef/vantage3-infrastructure-repo/cookbooks/powershell/recipes/vantage-apollo-create.rb</path><path action="A" kind="file">/trunk/chef/vantage3-infrastructure-repo/cookbooks/powershell/recipes/vantage-download-mock-db-archive.rb</path><path action="A" kind="file">/trunk/chef/vantage3-infrastructure-repo/cookbooks/chef_handler/LICENSE</path><path action="A" kind="dir">/trunk/chef/vantage3-infrastructure-repo/cookbooks/windows/recipes</path><path action="A" kind="file">/trunk/chef/vantage3-infrastructure-repo/cookbooks/powershell/recipes/vantage-clear-web-folder.rb</path><path action="A" kind="file">/trunk/chef/vantage3-infrastructure-repo/cookbooks/iis/recipes/mod_urlrewrite.rb</path><path action="A" kind="file">/trunk/chef/vantage3-infrastructure-repo/cookbooks/powershell/recipes/vantage-deploy_apache-apollo-command-line.rb</path><path action="A" kind="file">/trunk/chef/vantage3-infrastructure-repo/cookbooks/windows/providers/shortcut.rb</path><path action="A" kind="file">/trunk/chef/vantage3-infrastructure-repo/cookbooks/windows/resources/shortcut.rb</path><path action="A" kind="file">/trunk/chef/vantage3-infrastructure-repo/cookbooks/ms_dotnet45/.rubocop.yml</path><path action="A" kind="file">/trunk/chef/vantage3-infrastructure-repo/cookbooks/windows/recipes/default.rb</path><path action="A" kind="dir">/trunk/chef/vantage3-infrastructure-repo/.berkshelf</path><path action="A" kind="file">/trunk/chef/vantage3-infrastructure-repo/roles/starter.rb</path><path action="A" kind="dir">/trunk/chef/vantage3-infrastructure-repo/cookbooks/iis/resources</path><path action="A" kind="dir">/trunk/chef/vantage3-infrastructure-repo/cookbooks/chef_handler/files</path><path action="A" kind="dir">/trunk/chef/vantage3-infrastructure-repo/cookbooks/ms_dotnet45</path><path action="A" kind="file">/trunk/chef/vantage3-infrastructure-repo/cookbooks/windows/files/default/handlers/windows_reboot_handler.rb</path><path action="A" kind="file">/trunk/chef/vantage3-infrastructure-repo/cookbooks/iis/recipes/mod_deploy.rb</path><path action="A" kind="file">/trunk/chef/vantage3-infrastructure-repo/cookbooks/powershell/metadata.json</path><path action="A" kind="file">/trunk/chef/vantage3-infrastructure-repo/cookbooks/powershell/recipes/vantage-copy-jdk-archive.rb</path><path action="A" kind="file">/trunk/chef/vantage3-infrastructure-repo/cookbooks/iis/resources/config.rb</path><path action="A" kind="file">/trunk/chef/vantage3-infrastructure-repo/cookbooks/iis/attributes/default.rb</path><path action="A" kind="file">/trunk/chef/vantage3-infrastructure-repo/cookbooks/iis/recipes/mod_security.rb</path><path action="A" kind="file">/trunk/chef/vantage3-infrastructure-repo/cookbooks/powershell/files/default/services.zip</path><path action="A" kind="file">/trunk/chef/vantage3-infrastructure-repo/cookbooks/iis/recipes/vantage-app-pool-start-javascript-client.rb</path><path action="A" kind="file">/trunk/chef/vantage3-infrastructure-repo/cookbooks/iis/CHANGELOG.md</path><path action="A" kind="file">/trunk/chef/vantage3-infrastructure-repo/cookbooks/windows/resources/package.rb</path><path action="A" kind="file">/trunk/chef/vantage3-infrastructure-repo/cookbooks/iis/recipes/mod_mvc3.rb</path><path action="A" kind="file">/trunk/chef/vantage3-infrastructure-repo/cookbooks/iis/recipes/vantage-app-create-services-sql-lite.rb</path><path action="A" kind="file">/trunk/chef/vantage3-infrastructure-repo/cookbooks/7-zip/metadata.json</path><path action="A" kind="file">/trunk/chef/vantage3-infrastructure-repo/cookbooks/windows/metadata.rb</path><path action="A" kind="file">/trunk/chef/vantage3-infrastructure-repo/cookbooks/iis/recipes/mod_auth_basic.rb</path><path action="A" kind="file">/trunk/chef/vantage3-infrastructure-repo/cookbooks/powershell/README.md</path><path action="A" kind="file">/trunk/chef/vantage3-infrastructure-repo/bootstrap.node.bak</path><path action="A" kind="file">/trunk/chef/vantage3-infrastructure-repo/cookbooks/webpi/CHANGELOG.md</path><path action="A" kind="file">/trunk/chef/vantage3-infrastructure-repo/cookbooks/powershell/recipes/vantage-apollo-install.rb</path><path action="A" kind="file">/trunk/chef/vantage3-infrastructure-repo/cookbooks/chef_handler/providers/default.rb</path><path action="A" kind="file">/trunk/chef/vantage3-infrastructure-repo/cookbooks/windows/providers/auto_run.rb</path><path action="A" kind="dir">/trunk/chef/vantage3-infrastructure-repo/cookbooks/ms_dotnet45/attributes</path><path action="A" kind="dir">/trunk/chef/vantage3-infrastructure-repo/cookbooks/7-zip</path><path action="A" kind="dir">/trunk/chef/vantage3-infrastructure-repo/cookbooks/windows/libraries</path><path action="A" kind="file">/trunk/chef/vantage3-infrastructure-repo/cookbooks/windows/resources/auto_run.rb</path><path action="A" kind="file">/trunk/chef/vantage3-infrastructure-repo/bootstrap.node.bat</path><path action="A" kind="file">/trunk/chef/vantage3-infrastructure-repo/cookbooks/windows/providers/printer.rb</path><path action="A" kind="file">/trunk/chef/vantage3-infrastructure-repo/cookbooks/iis/resources/site.rb</path><path action="A" kind="file">/trunk/chef/vantage3-infrastructure-repo/cookbooks/7-zip/README.md</path><path action="A" kind="dir">/trunk/chef/vantage3-infrastructure-repo/cookbooks/powershell/recipes</path><path action="A" kind="file">/trunk/chef/vantage3-infrastructure-repo/cookbooks/powershell/files/.DS_Store</path><path action="A" kind="dir">/trunk/chef/vantage3-infrastructure-repo/cookbooks/chef_handler/attributes</path><path action="A" kind="dir">/trunk/chef/vantage3-infrastructure-repo/cookbooks/windows/providers</path><path action="A" kind="file">/trunk/chef/vantage3-infrastructure-repo/cookbooks/powershell/recipes/vantage-install-jdk-archive.rb</path><path action="A" kind="file">/trunk/chef/vantage3-infrastructure-repo/cookbooks/iis/recipes/mod_management.rb</path><path action="A" kind="dir">/trunk/chef/vantage3-infrastructure-repo/cookbooks/chef_handler/resources</path><path action="A" kind="file">/trunk/chef/vantage3-infrastructure-repo/cookbooks/webpi/recipes/default.rb</path><path action="A" kind="dir">/trunk/chef/vantage3-infrastructure-repo/cookbooks/powershell/attributes</path><path action="A" kind="file">/trunk/chef/vantage3-infrastructure-repo/.gitignore</path><path action="A" kind="file">/trunk/chef/vantage3-infrastructure-repo/cookbooks/iis/resources/pool.rb</path><path action="A" kind="file">/trunk/chef/vantage3-infrastructure-repo/cookbooks/7-zip/recipes/default.rb</path><path action="A" kind="file">/trunk/chef/vantage3-infrastructure-repo/cookbooks/powershell/files/default/apache-apollo-1.6-windows-distro.zip</path><path action="A" kind="dir">/trunk/chef/vantage3-infrastructure-repo/cookbooks/chef_handler/files/default</path><path action="A" kind="file">/trunk/chef/vantage3-infrastructure-repo/cookbooks/powershell/recipes/vantage-configure-hosts-file.rb</path><path action="A" kind="dir">/trunk/chef/vantage3-infrastructure-repo/cookbooks/webpi/providers</path><path action="A" kind="file">/trunk/chef/vantage3-infrastructure-repo/cookbooks/windows/libraries/feature_base.rb</path><path action="A" kind="file">/trunk/chef/vantage3-infrastructure-repo/cookbooks/windows/resources/printer_port.rb</path><path action="A" kind="file">/trunk/chef/vantage3-infrastructure-repo/cookbooks/chef_handler/files/default/handlers/README</path><path action="A" kind="file">/trunk/chef/vantage3-infrastructure-repo/cookbooks/windows/libraries/registry_helper.rb</path><path action="A" kind="file">/trunk/chef/vantage3-infrastructure-repo/cookbooks/windows/resources/path.rb</path><path action="A" kind="dir">/trunk/chef/vantage3-infrastructure-repo/cookbooks/powershell/files</path><path action="A" kind="file">/trunk/chef/vantage3-infrastructure-repo/cookbooks/powershell/recipes/vantage-copy-apollo-command-line.rb</path><path action="A" kind="file">/trunk/chef/vantage3-infrastructure-repo/cookbooks/chef_handler/attributes/default.rb</path><path action="A" kind="dir">/trunk/chef/vantage3-infrastructure-repo/cookbooks/iis/recipes</path><path action="A" kind="dir">/trunk/chef/vantage3-infrastructure-repo/roles</path><path action="A" kind="file">/trunk/chef/vantage3-infrastructure-repo/cookbooks/powershell/resources/default.rb</path><path action="A" kind="file">/trunk/chef/vantage3-infrastructure-repo/cookbooks/windows/providers/zipfile.rb</path><path action="A" kind="file">/trunk/chef/vantage3-infrastructure-repo/cookbooks/windows/providers/feature_servermanagercmd.rb</path><path action="A" kind="file">/trunk/chef/vantage3-infrastructure-repo/cookbooks/webpi/recipes/install-zip.rb</path><path action="A" kind="file">/trunk/chef/vantage3-infrastructure-repo/cookbooks/windows/libraries/helper.rb</path><path action="A" kind="file">/trunk/chef/vantage3-infrastructure-repo/cookbooks/ms_dotnet45/metadata.rb</path><path action="A" kind="file">/trunk/chef/vantage3-infrastructure-repo/cookbooks/powershell/recipes/vantage-copy-apollo-archive.rb</path><path action="A" kind="file">/trunk/chef/vantage3-infrastructure-repo/cookbooks/powershell/recipes/vantage-expand-mock-data-to-temp.rb</path><path action="A" kind="file">/trunk/chef/vantage3-infrastructure-repo/cookbooks/powershell/recipes/vantage-create-system-temp-folder.rb</path><path action="A" kind="file">/trunk/chef/vantage3-infrastructure-repo/cookbooks/powershell/recipes/vantage-copy-web-archive.rb</path><path action="A" kind="file">/trunk/chef/vantage3-infrastructure-repo/cookbooks/iis/providers/config.rb</path><path action="A" kind="file">/trunk/chef/vantage3-infrastructure-repo/cookbooks/chef_handler/recipes/json_file.rb</path><path action="A" kind="file">/trunk/chef/vantage3-infrastructure-repo/cookbooks/ms_dotnet45/README.md</path><path action="A" kind="file">/trunk/chef/vantage3-infrastructure-repo/.chef/knife.rb</path><path action="A" kind="file">/trunk/chef/vantage3-infrastructure-repo/cookbooks/windows/libraries/version.rb</path><path action="A" kind="file">/trunk/chef/vantage3-infrastructure-repo/cookbooks/windows/metadata.json</path><path action="A" kind="file">/trunk/chef/vantage3-infrastructure-repo/cookbooks/powershell/libraries/powershell_out.rb</path><path action="A" kind="file">/trunk/chef/vantage3-infrastructure-repo/cookbooks/powershell/metadata.rb</path><path action="A" kind="file">/trunk/chef/vantage3-infrastructure-repo/cookbooks/iis/recipes/vantage-app-pool-stop-services-sql-lite.rb</path><path action="A" kind="file">/trunk/chef/vantage3-infrastructure-repo/cookbooks/.DS_Store</path><path action="A" kind="file">/trunk/chef/vantage3-infrastructure-repo/cookbooks/windows/providers/task.rb</path><path action="A" kind="file">/trunk/chef/vantage3-infrastructure-repo/cookbooks/powershell/recipes/vantage-copy-services-archive.rb</path><path action="A" kind="dir">/trunk/chef/vantage3-infrastructure-repo/cookbooks/windows</path><path action="A" kind="file">/trunk/chef/vantage3-infrastructure-repo/README.md</path><path action="A" kind="file">/trunk/chef/vantage3-infrastructure-repo/cookbooks/webpi/metadata.json</path><path action="A" kind="dir">/trunk/chef/vantage3-infrastructure-repo/cookbooks/iis/attributes</path><path action="A" kind="file">/trunk/chef/vantage3-infrastructure-repo/cookbooks/iis/recipes/vantage-app-pool-create-services-sql-lite.rb</path><path action="A" kind="file">/trunk/chef/vantage3-infrastructure-repo/cookbooks/ms_dotnet45/attributes/defaults.rb</path><path action="A" kind="file">/trunk/chef/vantage3-infrastructure-repo/cookbooks/powershell/recipes/vantage-delete-services-folder.rb</path><path action="A" kind="file">/trunk/chef/vantage3-infrastructure-repo/cookbooks/windows/README.md</path><path action="A" kind="file">/trunk/chef/vantage3-infrastructure-repo/cookbooks/iis/recipes/mod_iis6_metabase_compat.rb</path><path action="A" kind="file">/trunk/chef/vantage3-infrastructure-repo/cookbooks/windows/resources/batch.rb</path><path action="A" kind="dir">/trunk/chef/vantage3-infrastructure-repo/cookbooks/chef_handler/files/default/handlers</path><path action="A" kind="file">/trunk/chef/vantage3-infrastructure-repo/cookbooks/windows/CHANGELOG.md</path><path action="A" kind="file">/trunk/chef/vantage3-infrastructure-repo/cookbooks/windows/resources/feature.rb</path><path action="A" kind="file">/trunk/chef/vantage3-infrastructure-repo/cookbooks/iis/recipes/mod_tracing.rb</path><path action="A" kind="file">/trunk/chef/vantage3-infrastructure-repo/cookbooks/powershell/files/default/apache-apollo-command-line.zip</path><path action="A" kind="file">/trunk/chef/vantage3-infrastructure-repo/cookbooks/iis/metadata.rb</path><path action="A" kind="dir">/trunk/chef/vantage3-infrastructure-repo/cookbooks/powershell/resources</path><path action="A" kind="file">/trunk/chef/vantage3-infrastructure-repo/cookbooks/webpi/README.md</path><path action="A" kind="file">/trunk/chef/vantage3-infrastructure-repo/cookbooks/powershell/CHANGELOG.md</path><path action="A" kind="dir">/trunk/chef/vantage3-infrastructure-repo/cookbooks/powershell/files/default</path><path action="A" kind="file">/trunk/chef/vantage3-infrastructure-repo/cookbooks/powershell/recipes/vantage-create-services-folder.rb</path><path action="A" kind="file">/trunk/chef/vantage3-infrastructure-repo/cookbooks/iis/providers/app.rb</path><path action="A" kind="dir">/trunk/chef/vantage3-infrastructure-repo/cookbooks/chef_handler/recipes</path><path action="A" kind="file">/trunk/chef/vantage3-infrastructure-repo/cookbooks/ms_dotnet45/recipes/default.rb</path><path action="A" kind="file">/trunk/chef/vantage3-infrastructure-repo/cookbooks/powershell/recipes/vantage-apollo-start.rb</path><path action="A" kind="dir">/trunk/chef/vantage3-infrastructure-repo/.chef</path><path action="A" kind="file">/trunk/chef/vantage3-infrastructure-repo/cookbooks/windows/resources/reboot.rb</path><path action="A" kind="file">/trunk/chef/vantage3-infrastructure-repo/cookbooks/powershell/attributes/default.rb</path><path action="A" kind="file">/trunk/chef/vantage3-infrastructure-repo/cookbooks/windows/providers/package.rb</path><path action="A" kind="dir">/trunk/chef/vantage3-infrastructure-repo/cookbooks/webpi/recipes</path><path action="A" kind="file">/trunk/chef/vantage3-infrastructure-repo/cookbooks/powershell/recipes/vantage-clear-temp-folder.rb</path><path action="A" kind="file">/trunk/chef/vantage3-infrastructure-repo/cookbooks/chef_handler/recipes/default.rb</path><path action="A" kind="dir">/trunk/chef/vantage3-infrastructure-repo/cookbooks/iis/providers</path><path action="A" kind="file">/trunk/chef/vantage3-infrastructure-repo/cookbooks/chef_handler/CONTRIBUTING</path><path action="A" kind="file">/trunk/chef/vantage3-infrastructure-repo/cookbooks/powershell/libraries/helper.rb</path><path action="A" kind="file">/trunk/chef/vantage3-infrastructure-repo/.berkshelf/config.json</path><path action="A" kind="dir">/trunk/chef/vantage3-infrastructure-repo/cookbooks/windows/files</path><path action="A" kind="file">/trunk/chef/vantage3-infrastructure-repo/cookbooks/powershell/recipes/default.rb</path><path action="A" kind="file">/trunk/chef/vantage3-infrastructure-repo/cookbooks/iis/recipes/mod_application_initialization.rb</path><path action="A" kind="file">/trunk/chef/vantage3-infrastructure-repo/cookbooks/powershell/.DS_Store</path><path action="A" kind="file">/trunk/chef/vantage3-infrastructure-repo/cookbooks/webpi/resources/product.rb</path><path action="A" kind="file">/trunk/chef/vantage3-infrastructure-repo/cookbooks/powershell/recipes/vantage-clear-services-folder.rb</path><path action="A" kind="file">/trunk/chef/vantage3-infrastructure-repo/cookbooks/powershell/files/default/jdk-6u18-windows-x64.exe</path><path action="A" kind="file">/trunk/chef/vantage3-infrastructure-repo/cookbooks/windows/providers/batch.rb</path><path action="A" kind="file">/trunk/chef/vantage3-infrastructure-repo/cookbooks/iis/recipes/vantage-site-delete-default.rb</path><path action="A" kind="file">/trunk/chef/vantage3-infrastructure-repo/cookbooks/iis/recipes/install_netfx3serverfeatures.rb</path><path action="A" kind="file">/trunk/chef/vantage3-infrastructure-repo/cookbooks/7-zip/attributes/default.rb</path><path action="A" kind="file">/trunk/chef/vantage3-infrastructure-repo/cookbooks/iis/recipes/vantage-site-create.rb</path><path action="A" kind="file">/trunk/chef/vantage3-infrastructure-repo/cookbooks/iis/resources/app.rb</path><path action="A" kind="file">/trunk/chef/vantage3-infrastructure-repo/install-winrm.bat</path><path action="A" kind="file">/trunk/chef/vantage3-infrastructure-repo/cookbooks/windows/providers/pagefile.rb</path><path action="A" kind="file">/trunk/chef/vantage3-infrastructure-repo/cookbooks/powershell/libraries/windows_architecture_helper.rb</path><path action="A" kind="file">/trunk/chef/vantage3-infrastructure-repo/cookbooks/iis/recipes/mod_aspnet.rb</path><path action="A" kind="dir">/trunk/chef/vantage3-infrastructure-repo</path><path action="A" kind="file">/trunk/chef/vantage3-infrastructure-repo/cookbooks/iis/recipes/vantage-site-start.rb</path><path action="A" kind="file">/trunk/chef/vantage3-infrastructure-repo/chefignore</path><path action="A" kind="file">/trunk/chef/vantage3-infrastructure-repo/cookbooks/windows/resources/pagefile.rb</path><path action="A" kind="dir">/trunk/chef/vantage3-infrastructure-repo/cookbooks/powershell</path><path action="A" kind="file">/trunk/chef/vantage3-infrastructure-repo/cookbooks/powershell/recipes/vantage-deploy-web-archive.rb</path><path action="A" kind="file">/trunk/chef/vantage3-infrastructure-repo/Berksfile</path><path action="A" kind="file">/trunk/chef/vantage3-infrastructure-repo/cookbooks/powershell/recipes/vantage-create-cytology-surepath-folder.rb</path><path action="A" kind="file">/trunk/chef/vantage3-infrastructure-repo/cookbooks/chef_handler/metadata.rb</path><path action="A" kind="dir">/trunk/chef/vantage3-infrastructure-repo/cookbooks/ms_dotnet45/recipes</path><path action="A" kind="file">/trunk/chef/vantage3-infrastructure-repo/cookbooks/7-zip/CHANGELOG.md</path><path action="A" kind="file">/trunk/chef/vantage3-infrastructure-repo/cookbooks/windows/providers/registry.rb</path><path action="A" kind="file">/trunk/chef/vantage3-infrastructure-repo/cookbooks/iis/recipes/mod_compress_static.rb</path><path action="A" kind="file">/trunk/chef/vantage3-infrastructure-repo/cookbooks/webpi/recipes/install-msi.rb</path><path action="A" kind="file">/trunk/chef/vantage3-infrastructure-repo/cookbooks/iis/metadata.json</path><path action="A" kind="file">/trunk/chef/vantage3-infrastructure-repo/cookbooks/windows/resources/registry.rb</path><path action="A" kind="file">/trunk/chef/vantage3-infrastructure-repo/cookbooks/iis/resources/module.rb</path><path action="A" kind="file">/trunk/chef/vantage3-infrastructure-repo/cookbooks/webpi/metadata.rb</path><path action="A" kind="file">/trunk/chef/vantage3-infrastructure-repo/cookbooks/iis/providers/site.rb</path><path action="A" kind="file">/trunk/chef/vantage3-infrastructure-repo/cookbooks/powershell/providers/default.rb</path><path action="A" kind="file">/trunk/chef/vantage3-infrastructure-repo/cookbooks/iis/recipes/vantage-app-pool-stop-javascript-client.rb</path><path action="A" kind="dir">/trunk/chef/vantage3-infrastructure-repo/cookbooks/iis</path><path action="A" kind="file">/trunk/chef/vantage3-infrastructure-repo/cookbooks/iis/recipes/mod_logging.rb</path><path action="A" kind="dir">/trunk/chef/vantage3-infrastructure-repo/cookbooks/windows/attributes</path><path action="A" kind="file">/trunk/chef/vantage3-infrastructure-repo/cookbooks/powershell/recipes/vantage-finish-windows-update-post-install.rb</path><path action="A" kind="file">/trunk/chef/vantage3-infrastructure-repo/cookbooks/iis/recipes/default.rb</path><path action="A" kind="dir">/trunk/chef/vantage3-infrastructure-repo/cookbooks/chef_handler/providers</path><path action="A" kind="file">/trunk/chef/vantage3-infrastructure-repo/cookbooks/iis/recipes/remove_default_site.rb</path><path action="A" kind="file">/trunk/chef/vantage3-infrastructure-repo/cookbooks/iis/recipes/vantage-app-pool-create-javascript-client.rb</path><path action="A" kind="file">/trunk/chef/vantage3-infrastructure-repo/cookbooks/iis/recipes/mod_compress_dynamic.rb</path><path action="A" kind="dir">/trunk/chef/vantage3-infrastructure-repo/cookbooks/windows/resources</path><path action="A" kind="file">/trunk/chef/vantage3-infrastructure-repo/cookbooks/iis/providers/pool.rb</path><path action="A" kind="file">/trunk/chef/vantage3-infrastructure-repo/cookbooks/iis/README.md</path><path action="A" kind="file">/trunk/chef/vantage3-infrastructure-repo/cookbooks/windows/providers/feature_dism.rb</path><path action="A" kind="dir">/trunk/chef/vantage3-infrastructure-repo/cookbooks/windows/files/default</path><path action="A" kind="file">/trunk/chef/vantage3-infrastructure-repo/cookbooks/windows/providers/printer_port.rb</path><path action="A" kind="file">/trunk/chef/vantage3-infrastructure-repo/cookbooks/windows/providers/path.rb</path><path action="A" kind="file">/trunk/chef/vantage3-infrastructure-repo/cookbooks/windows/providers/reboot.rb</path><path action="A" kind="dir">/trunk/chef/vantage3-infrastructure-repo/cookbooks/7-zip/recipes</path><path action="A" kind="dir">/trunk/chef/vantage3-infrastructure-repo/cookbooks/webpi/resources</path><path action="A" kind="file">/trunk/chef/vantage3-infrastructure-repo/cookbooks/iis/recipes/mod_isapi.rb</path><path action="A" kind="file">/trunk/chef/vantage3-infrastructure-repo/cookbooks/iis/recipes/mod_mvc2.rb</path><path action="A" kind="file">/trunk/chef/vantage3-infrastructure-repo/cookbooks/chef_handler/resources/default.rb</path><path action="A" kind="file">/trunk/chef/vantage3-infrastructure-repo/cookbooks/ms_dotnet45/metadata.json</path></paths><msg>re-added infrastructure repository and .svn ignored .git</msg></logentry></log>