<?xml version="1.0" encoding="UTF-8"?><log><logentry revision="332"><author>nallar</author><date>2013-12-13T02:45:26.738189Z</date><paths><path action="M" kind="file">/trunk/server/Src/Service/Vantage.Service.Contracts/IDPScannerService.cs</path><path action="A" kind="file">/trunk/server/Src/Service/Vantage.Service.Contracts/DTO/DPScanner/ScannerType.cs</path><path action="M" kind="file">/trunk/server/Src/Model/Vantage.Model/CaseDetails.cs</path><path action="A" kind="file">/trunk/server/Src/Service/Vantage.Service.Contracts/DTO/DPScanner/SlideInfoForScanner.cs</path><path action="A" kind="dir">/trunk/server/Src/Engine/Vantage.Engine.DPScanner</path><path action="D" kind="file">/trunk/server/Test/DataAccess/Vantage.DataAccess.NHibernateTest/Class1.cs</path><path action="A" kind="file">/trunk/server/StaticAnalysisResults/Vantage.Service.Contracts.csproj.Results.xml</path><path action="A" kind="file">/trunk/server/Test/DataAccess/Vantage.DataAccess.NHibernateTest/x64/SQLite.Interop.dll</path><path action="A" kind="file">/trunk/server/Test/DataAccess/Vantage.DataAccess.NHibernateTest/x86/SQLite.Interop.dll</path><path action="A" kind="file">/trunk/server/Src/Service/Vantage.Service.Contracts/DTO/DPScanner/SlideScanStartEventData.cs</path><path action="M" kind="file">/trunk/server/Src/Model/Vantage.Model/Block.cs</path><path action="A" kind="file">/trunk/server/Src/Model/Vantage.Model/DpScannerType.cs</path><path action="A" kind="file">/trunk/server/Src/Engine/Vantage.Engine.DPScanner/Vantage.Engine.DPScanner.csproj</path><path action="A" kind="file">/trunk/server/Src/Service/Vantage.Service.Contracts/DTO/DPScanner/ScannerInfo.cs</path><path action="M" kind="file">/trunk/server/Test/DataAccess/Vantage.DataAccess.NHibernateTest/hibernate.cfg.xml</path><path action="A" kind="file">/trunk/server/Src/Service/Vantage.Service.Contracts/DTO/DPScanner/SlideCopiedToIMSEventData.cs</path><path action="A" kind="file">/trunk/server/Src/DataAccess/Vantage.DataAccess.NHibernate/Mappings/DpScanner.hbm.xml</path><path action="A" kind="file">/trunk/server/Src/Service/Vantage.Service.Contracts/DTO/DPScanner/ControlSlideType.cs</path><path action="M" kind="file">/trunk/server/Src/DataAccess/Vantage.DataAccess.NHibernate/Vantage.DataAccess.NHibernate.csproj</path><path action="A" kind="dir">/trunk/server/Test/DataAccess/Vantage.DataAccess.NHibernateTest/x64</path><path action="A" kind="dir">/trunk/server/Test/DataAccess/Vantage.DataAccess.NHibernateTest/x86</path><path action="A" kind="file">/trunk/server/Src/Service/Vantage.Service.Contracts/DTO/DPScanner/SlideQCReviewedEventData.cs</path><path action="A" kind="file">/trunk/server/External/Tools/Instructions.txt</path><path action="M" kind="file">/trunk/server/Src/Service/Vantage.Service.DPScanner/DPScannerService.cs</path><path action="M" kind="file">/trunk/server/Src/Service/Vantage.Service.Contracts/Vantage.Service.Contracts.csproj</path><path action="A" kind="file">/trunk/server/Src/Model/Vantage.Model/Lis.cs</path><path action="M" kind="file">/trunk/server/Test/DataAccess/Vantage.DataAccess.NHibernateTest/Vantage.DataAccess.NHibernateTest.csproj</path><path action="A" kind="file">/trunk/server/Src/Model/Vantage.Model/DpScanner.cs</path><path action="M" kind="file">/trunk/server/Src/Service/Vantage.Service.ConsoleHost/Vantage.Service.ConsoleHost.csproj</path><path action="A" kind="file">/trunk/server/Src/Service/Vantage.Service.Contracts/DTO/DPScanner/SlideScanCompleteEventData.cs</path><path action="A" kind="file">/trunk/server/Src/Util/Vantage.Util.DataConverters/DpScannerDTOConversionHelper.cs</path><path action="A" kind="file">/trunk/server/Src/Service/Vantage.Service.Contracts/DTO/DPScanner/VantageInfoForScanner.cs</path><path action="A" kind="file">/trunk/server/Src/Service/Vantage.Service.Contracts/DTO/DPScanner/SlideScanSettings.cs</path><path action="M" kind="file">/trunk/server/Src/Service/Vantage.Service.ConsoleHost/Program.cs</path><path action="M" kind="file">/trunk/server/Src/Model/Vantage.Model/Vantage.Model.csproj</path><path action="M" kind="file">/trunk/server/Src/DataAccess/Vantage.DataAccess.NHibernate/Repositories/Repository.cs</path><path action="M" kind="file">/trunk/server/Src/Engine/Vantage.Engine.Contracts/Vantage.Engine.Contracts.csproj</path><path action="A" kind="file">/trunk/server/Src/Service/Vantage.Service.Contracts/DTO/DPScanner/SlideOrderType.cs</path><path action="A" kind="file">/trunk/server/Src/Service/Vantage.Service.Contracts/DTO/DPScanner/SpecimenOrganizationType.cs</path><path action="A" kind="file">/trunk/server/StaticAnalysisResults/Vantage.Util.Contracts.csproj.Results.xml</path><path action="A" kind="file">/trunk/server/Src/Engine/Vantage.Engine.DPScanner/DpScannerEngine.cs</path><path action="M" kind="file">/trunk/server/Vantage.sln</path><path action="A" kind="file">/trunk/server/Src/Engine/Vantage.Engine.DPScanner/Properties/AssemblyInfo.cs</path><path action="A" kind="file">/trunk/server/Src/Service/Vantage.Service.Contracts/DTO/DPScanner/SlideScanFocusApproachType.cs</path><path action="A" kind="file">/trunk/server/Test/DataAccess/Vantage.DataAccess.NHibernateTest/DpScannerMappingTests.cs</path><path action="M" kind="file">/trunk/server/Src/Util/Vantage.Util.DataConverters/Vantage.Util.DataConverters.csproj</path><path action="A" kind="file">/trunk/server/Src/Engine/Vantage.Engine.Contracts/IDpScannerEngine.cs</path><path action="A" kind="dir">/trunk/server/Src/Engine/Vantage.Engine.DPScanner/Properties</path><path action="M" kind="file">/trunk/server/Src/Service/Vantage.Service.ConsoleHost/App.config</path><path action="M" kind="file">/trunk/server/Src/Service/Vantage.Service.DPScanner/Vantage.Service.DPScanner.csproj</path></paths><msg>Checking in Code for DpScanner</msg></logentry><logentry revision="334"><author>kunnures</author><date>2013-12-13T10:17:19.590119Z</date><paths><path action="M" kind="file">/trunk/server/Src/Model/Vantage.Model/Enum/SupplementalInformationType.cs</path><path action="M" kind="file">/trunk/server/Src/Util/Vantage.Util.DataConverters/ConversionHelper.cs</path><path action="M" kind="file">/trunk/server/Src/Engine/Vantage.Engine.OrderManagement/OrderManagementEngine.cs</path><path action="M" kind="file">/trunk/server/Src/Engine/Vantage.Engine.Contracts/IOrderManagementEngine.cs</path><path action="M" kind="file">/trunk/server/Src/Model/Vantage.Model/Vantage.Model.csproj</path><path action="M" kind="file">/trunk/server/Test/Service/Vantage.Service.OrderManagementTest/OrderManagementServiceTest.cs</path><path action="M" kind="file">/trunk/server/Src/Engine/Vantage.Engine.OrderManagement/OrderManagmentValidations.cs</path></paths><msg>After run FxCop corrected some coding standard as per FxCop</msg></logentry><logentry revision="335"><author>petkarp</author><date>2013-12-13T12:11:11.991216Z</date><paths><path action="M" kind="file">/trunk/server/Src/DataAccess/Vantage.DataAccess.Contracts/ITubeRepository.cs</path><path action="M" kind="file">/trunk/server/Src/DataAccess/Vantage.DataAccess.Contracts/IRepository.cs</path><path action="M" kind="file">/trunk/server/Src/DataAccess/Vantage.DataAccess.Contracts/IStainProtocolRepository.cs</path><path action="M" kind="file">/trunk/server/Src/DataAccess/Vantage.DataAccess.Contracts/IQualityIssueRepository.cs</path><path action="M" kind="file">/trunk/server/Src/DataAccess/Vantage.DataAccess.Contracts/IRequestingPhysicianRepository.cs</path><path action="M" kind="file">/trunk/server/Src/DataAccess/Vantage.DataAccess.Contracts/IStationRepository.cs</path><path action="M" kind="file">/trunk/server/Src/DataAccess/Vantage.DataAccess.Contracts/ISpecialInstructionRepository.cs</path><path action="M" kind="file">/trunk/server/Src/DataAccess/Vantage.DataAccess.Contracts/IPrivilegeRepository.cs</path><path action="M" kind="file">/trunk/server/Src/DataAccess/Vantage.DataAccess.Contracts/ISlideRepository.cs</path><path action="M" kind="file">/trunk/server/Src/DataAccess/Vantage.DataAccess.NHibernate/UnitOfWork.cs</path><path action="M" kind="file">/trunk/server/Src/DataAccess/Vantage.DataAccess.Contracts/IPathologistRepository.cs</path><path action="M" kind="file">/trunk/server/Src/DataAccess/Vantage.DataAccess.Contracts/ICaseRepository.cs</path><path action="M" kind="file">/trunk/server/Src/DataAccess/Vantage.DataAccess.Contracts/IBlockRepository.cs</path><path action="M" kind="file">/trunk/server/Src/DataAccess/Vantage.DataAccess.Contracts/IQualityResolutionRepository.cs</path><path action="M" kind="file">/trunk/server/Src/DataAccess/Vantage.DataAccess.Contracts/IUserRepository.cs</path><path action="M" kind="file">/trunk/server/Src/DataAccess/Vantage.DataAccess.Contracts/ISampleRepository.cs</path><path action="M" kind="file">/trunk/server/Src/DataAccess/Vantage.DataAccess.Contracts/IStainOrderRepository.cs</path><path action="M" kind="file">/trunk/server/Src/DataAccess/Vantage.DataAccess.NHibernate/UnitOfWorkManager.cs</path><path action="M" kind="file">/trunk/server/Src/DataAccess/Vantage.DataAccess.Contracts/ISpecimenRepository.cs</path><path action="M" kind="file">/trunk/server/Src/DataAccess/Vantage.DataAccess.Contracts/IPatientRepository.cs</path></paths><msg>Done Code Review and As per coding guide lines avoided putting using statement inside a namespace. </msg></logentry><logentry revision="336"><author>petkarp</author><date>2013-12-13T12:27:18.638027Z</date><paths><path action="M" kind="file">/trunk/server/Src/Engine/Vantage.Engine.OrderManagement/OrderManagementEngine.cs</path><path action="M" kind="file">/trunk/server/Src/Engine/Vantage.Engine.OrderManagement/OrderManagmentValidations.cs</path></paths><msg>Done C# code review.</msg></logentry><logentry revision="337"><author>petkarp</author><date>2013-12-13T13:21:34.221363Z</date><paths><path action="M" kind="file">/trunk/server/Src/Engine/Vantage.Engine.OrderManagement/OrderManagementEngine.cs</path><path action="M" kind="file">/trunk/server/Src/Service/Vantage.Service.OrderManagement/OrderManagementService.cs</path><path action="M" kind="file">/trunk/server/Src/Service/Vantage.Service.Contracts/IOrderManagementService.cs</path></paths><msg>Done Code Review </msg></logentry><logentry revision="343"><author>kunnures</author><date>2013-12-16T04:51:41.580429Z</date><paths><path action="M" kind="file">/trunk/server/Src/Util/Vantage.Util.DataConverters/ConversionHelper.cs</path><path action="M" kind="file">/trunk/server/Src/Model/Vantage.Model/Vantage.Model.csproj</path><path action="M" kind="file">/trunk/server/Src/Model/Vantage.Model/StainOrder.cs</path><path action="D" kind="file">/trunk/server/Src/Model/Vantage.Model/SupplementalInformation.cs</path></paths><msg>deleted SupplementalInformation.cs as it is not required in Model.</msg></logentry><logentry revision="344"><author>kunnures</author><date>2013-12-16T05:10:37.876746Z</date><paths><path action="M" kind="file">/trunk/server/Src/DataAccess/Vantage.DataAccess.NHibernate/Vantage.DataAccess.NHibernate.csproj</path><path action="D" kind="file">/trunk/server/Src/DataAccess/Vantage.DataAccess.NHibernate/Mappings/SupplementalInformation.hbm.xml</path></paths><msg>SupplementalInformation.hbm.xml removed</msg></logentry><logentry revision="345"><author>kunnures</author><date>2013-12-16T13:26:17.702261Z</date><paths><path action="M" kind="file">/trunk/server/Src/DataAccess/Vantage.DataAccess.Contracts/Vantage.DataAccess.Contracts.csproj</path><path action="M" kind="file">/trunk/server/Src/Model/Vantage.Model/Lis.cs</path><path action="M" kind="file">/trunk/server/Src/Util/Vantage.Util.DataConverters/ConversionHelper.cs</path><path action="M" kind="file">/trunk/server/Src/DataAccess/Vantage.DataAccess.Contracts/ICaseRepository.cs</path><path action="M" kind="file">/trunk/server/Src/Engine/Vantage.Engine.OrderManagement/OrderManagementEngine.cs</path><path action="M" kind="file">/trunk/server/Src/DataAccess/Vantage.DataAccess.NHibernate/Vantage.DataAccess.NHibernate.csproj</path><path action="M" kind="file">/trunk/server/Src/Util/Vantage.Util.DataConverters/Vantage.Util.DataConverters.csproj</path><path action="M" kind="file">/trunk/server/Src/Engine/Vantage.Engine.Contracts/IOrderManagementEngine.cs</path><path action="M" kind="file">/trunk/server/Src/Model/Vantage.Model/Vantage.Model.csproj</path><path action="M" kind="file">/trunk/server/Src/Service/Vantage.Service.OrderManagement/OrderManagementService.cs</path><path action="M" kind="file">/trunk/server/Src/DataAccess/Vantage.DataAccess.NHibernate/Repositories/CaseRepository.cs</path><path action="M" kind="file">/trunk/server/Test/Service/Vantage.Service.OrderManagementTest/OrderManagementServiceTest.cs</path><path action="M" kind="file">/trunk/server/Src/Engine/Vantage.Engine.OrderManagement/OrderManagmentValidations.cs</path><path action="M" kind="file">/trunk/server/Src/Service/Vantage.Service.Contracts/IOrderManagementService.cs</path></paths><msg>Added functionality human readable ID and add special instruction and Quality issues</msg></logentry><logentry revision="346"><author>kunnures</author><date>2013-12-16T13:30:37.382673Z</date><paths><path action="A" kind="file">/trunk/server/Src/DataAccess/Vantage.DataAccess.NHibernate/Repositories/LISRepository.cs</path><path action="A" kind="file">/trunk/server/Src/Model/Vantage.Model/Enum/SeqeunceMethodType.cs</path><path action="A" kind="file">/trunk/server/Src/DataAccess/Vantage.DataAccess.Contracts/ILISRepository.cs</path></paths><msg>Added LISRepository and ENUM SeqeunceMethodType</msg></logentry></log>