﻿<?xml version="1.0" encoding="utf-8" ?>
<root>
  <user>
    <FirstName>Ashwin</FirstName>
    <LastName>Shetty</LastName>
    <UserName>Ashwin</UserName>
    <Password>Shetty</Password>
    <UserRole>Administrator</UserRole>
    <Module>Scan</Module>
  </user>
  <user>
    <FirstName>Inderjeet</FirstName>
    <LastName>Singh</LastName>
    <UserName>Inderjeet</UserName>
    <Password>Singh</Password>
    <UserRole>Owner</UserRole>
      <Module>Scan</Module>
  </user>
  <user>
    <FirstName>Hrishikesh</FirstName>
    <LastName>Biniwale</LastName>
    <UserName>Hrishikesh</UserName>
    <Password>Biniwale</Password>
    <UserRole>Developer</UserRole>
     <Module>Scan</Module>
  </user>
  <user>
    <FirstName>Sudhir</FirstName>
    <LastName>Kunnure</LastName>
    <UserName>Sudhir</UserName>
    <Password>Kunnure</Password>
    <UserRole>Architech</UserRole>
    <Module>Scan</Module>
  </user>
 <user>
    <FirstName>Sally</FirstName>
    <LastName></LastName>
    <UserName>sally</UserName>
    <Password>sally</Password>
    <UserRole>Administrator</UserRole>
    <Module>SurePath</Module>
  </user>
</root>
