<?xml version="1.0" encoding="UTF-8"?>
<l:dependencies xmlns:l='licenses' groupId='org.jenkins-ci.plugins' artifactId='job-import-plugin' version='1.2'><l:dependency name='Job Import Plugin' groupId='org.jenkins-ci.plugins' artifactId='job-import-plugin' version='1.2' url='http://wiki.jenkins-ci.org/display/JENKINS/Job+Import+Plugin'><l:description>Import jobs from another Jenkins instance.</l:description><l:license name='The MIT license' url='https://github.com/jenkinsci/job-import-plugin/raw/master/LICENSE.txt'/></l:dependency><l:dependency name='Commons Lang' groupId='commons-lang' artifactId='commons-lang' version='2.6' url='http://commons.apache.org/lang/'><l:description>Commons Lang, a package of Java utility classes for the
        classes that are in java.lang's hierarchy, or are considered to be so
        standard as to justify existence in java.lang.</l:description><l:license name='The Apache Software License, Version 2.0' url='http://www.apache.org/licenses/LICENSE-2.0.txt'/></l:dependency></l:dependencies>