<?xml version="1.0" encoding="UTF-8"?><log><logentry revision="354"><author>thail1</author><date>2013-12-16T22:43:36.890728Z</date><paths><path action="A" kind="file">/trunk/server/Src/Model/Vantage.Model/ThinPrepStation.cs</path><path action="A" kind="file">/trunk/server/Src/Model/Vantage.Model/ThinPrepProcessor.cs</path><path action="M" kind="file">/trunk/server/Src/Model/Vantage.Model/Vantage.Model.csproj</path><path action="A" kind="file">/trunk/server/Src/Model/Vantage.Model/Enum/ThinPrepProcessorModel.cs</path><path action="A" kind="file">/trunk/server/Src/Model/Vantage.Model/Enum/GenderType.cs</path></paths><msg>Add ThinPrep Data Model</msg></logentry></log>