<?xml version="1.0" encoding="UTF-8"?>
<l:dependencies xmlns:l='licenses' groupId='org.jenkins-ci.plugins' artifactId='jira' version='1.39'><l:dependency name='Jenkins JIRA plugin' groupId='org.jenkins-ci.plugins' artifactId='jira' version='1.39' url='http://wiki.jenkins-ci.org/display/JENKINS/JIRA+Plugin'><l:description>Integrates Jenkins to JIRA</l:description></l:dependency><l:dependency name='JavaBeans(TM) Activation Framework' groupId='javax.activation' artifactId='activation' version='1.1.1' url='http://java.sun.com/javase/technologies/desktop/javabeans/jaf/index.jsp'><l:description>The JavaBeans(TM) Activation Framework is used by the JavaMail(TM) API to manage MIME data</l:description><l:license name='COMMON DEVELOPMENT AND DISTRIBUTION LICENSE (CDDL) Version 1.0' url='https://glassfish.dev.java.net/public/CDDLv1.0.html'/></l:dependency><l:dependency name='lambdaj' groupId='com.googlecode.lambdaj' artifactId='lambdaj' version='2.3.3' url='http://code.google.com/p/lambdaj'><l:description>The pseudo-functional collection manipulation library</l:description><l:license name='The Apache Software License, Version 2.0' url='http://www.apache.org/licenses/LICENSE-2.0.txt'/></l:dependency><l:dependency name='Hamcrest All' groupId='org.hamcrest' artifactId='hamcrest-all' version='1.3' url='https://github.com/hamcrest/JavaHamcrest/hamcrest-all'><l:description>A self-contained hamcrest jar containing all of the sub-modules in a single artifact.</l:description><l:license name='New BSD License' url='http://www.opensource.org/licenses/bsd-license.php'/></l:dependency><l:dependency name='Objenesis' groupId='org.objenesis' artifactId='objenesis' version='1.2' url='http://objenesis.googlecode.com/svn/docs/index.html'><l:description>A library for instantiating Java objects</l:description><l:license name='Apache 2' url='http://www.apache.org/licenses/LICENSE-2.0.txt'/></l:dependency><l:dependency name='axis' groupId='org.apache.axis' artifactId='axis' version='1.4' url=''><l:description>POM was created from deploy:deploy-file</l:description></l:dependency><l:dependency name='Java API for XML Based RPC' groupId='javax.xml' artifactId='jaxrpc-api' version='1.1' url='http://java.sun.com/webservices/jaxrpc/index.jsp'><l:description>Part of the Java Web Services Developer Pack 1.6</l:description></l:dependency><l:dependency name='SOAP with Attachments API Package' groupId='javax.xml.soap' artifactId='saaj-api' version='1.3' url='http://java.sun.com/webservices/saaj/index.jsp'><l:description/><l:license name='COMMON DEVELOPMENT AND DISTRIBUTION LICENSE (CDDL) Version 1.0' url='http://www.sun.com/cddl/cddl.html'/></l:dependency><l:dependency name='Code Generation Library' groupId='cglib' artifactId='cglib-nodep' version='2.2' url='http://cglib.sourceforge.net/'><l:description>Code generation library with shaded ASM dependecies</l:description><l:license name='ASF 2.0' url='http://www.apache.org/licenses/LICENSE-2.0.txt'/></l:dependency><l:dependency name='WSDL4J' groupId='wsdl4j' artifactId='wsdl4j' version='1.6.2' url='http://sf.net/projects/wsdl4j'><l:description>Java stub generator for WSDL</l:description><l:license name='CPL' url='http://www.opensource.org/licenses/cpl1.0.txt'/></l:dependency><l:dependency name='Discovery' groupId='commons-discovery' artifactId='commons-discovery' version='0.4' url='http://jakarta.apache.org/commons/${pom.artifactId.substring(8)}/'><l:description>Commons Discovery</l:description><l:license name='The Apache Software License, Version 2.0' url='/LICENSE.txt'/></l:dependency></l:dependencies>