<?xml version="1.0" encoding="UTF-8"?><log><logentry revision="383"><author>biniwalh</author><date>2013-12-19T13:31:45.169484Z</date><paths><path action="A" kind="file">/trunk/server/Design/SurePath/Vantage.Design.SurePath/VTG_183/UMLTubeSlideScan_VTG_183.classdiagram.layout</path><path action="A" kind="file">/trunk/server/Design/SurePath/Vantage.Design.SurePath/VTG_114/SRS_114.docx</path><path action="A" kind="file">/trunk/server/Design/SurePath/Vantage.Design.SurePath/VTG_183/UMLTubeSlideScan_VTG_183.sequencediagram.layout</path><path action="A" kind="file">/trunk/server/Design/SurePath/Vantage.Design.SurePath/VTG_114/UMLCreateTubeWhenSpecimenScan_VTG_114.classdiagram.layout</path><path action="A" kind="file">/trunk/server/Design/SurePath/Vantage.Design.SurePath/VTG_145/UMLScanSpecimen_VTG_145.classdiagram.layout</path><path action="A" kind="file">/trunk/server/Design/SurePath/Vantage.Design.SurePath/VTG_183/SRS_VTG_183.docx</path><path action="A" kind="file">/trunk/server/Design/SurePath/Vantage.Design.SurePath/VTG_147/UMLSpecialInstruction_VTG_147.sequencediagram.layout</path><path action="A" kind="dir">/trunk/server/Design/SurePath/Vantage.Design.SurePath/VTG_183</path><path action="A" kind="file">/trunk/server/Design/SurePath/Vantage.Design.SurePath/VTG_147/VTG_147.docx</path><path action="A" kind="file">/trunk/server/Design/SurePath/Vantage.Design.SurePath/VTG_147/UMLSpecialInstruction_VTG_147.sequencediagram</path><path action="A" kind="file">/trunk/server/Design/SurePath/Vantage.Design.SurePath/VTG_145/UMLScanSpecimen_VTG_145.classdiagram</path><path action="A" kind="dir">/trunk/server/Design/SurePath/Vantage.Design.SurePath/VTG_145</path><path action="M" kind="file">/trunk/server/Design/SurePath/Vantage.Design.SurePath/ModelDefinition/Vantage.Design.SurePath.uml</path><path action="A" kind="file">/trunk/server/Design/SurePath/Vantage.Design.SurePath/VTG_114/UMLCreateTubeWhenSpecimenScan_VTG_114.classdiagram</path><path action="A" kind="dir">/trunk/server/Design/SurePath/Vantage.Design.SurePath/VTG_114</path><path action="A" kind="dir">/trunk/server/Design/SurePath/Vantage.Design.SurePath/VTG_147</path><path action="A" kind="file">/trunk/server/Design/SurePath/Vantage.Design.SurePath/VTG_183/UMLTubeSlideScan_VTG_183.sequencediagram</path><path action="A" kind="file">/trunk/server/Design/SurePath/Vantage.Design.SurePath/VTG_183/UMLTubeSlideScan_VTG_183.classdiagram</path><path action="A" kind="file">/trunk/server/Design/SurePath/Vantage.Design.SurePath/VTG_114/UMLCreateTubeWhenSpecimenScan_VTG_114.sequencediagram</path><path action="A" kind="file">/trunk/server/Design/SurePath/Vantage.Design.SurePath/VTG_145/SRS_VTG_145.docx</path><path action="A" kind="file">/trunk/server/Design/SurePath/Vantage.Design.SurePath/VTG_147/UMLSpecialInstruction_VTG_147.classdiagram.layout</path><path action="A" kind="file">/trunk/server/Design/SurePath/Vantage.Design.SurePath/VTG_145/UMLScanSpecimen_VTG_145.sequencediagram.layout</path><path action="A" kind="file">/trunk/server/Design/SurePath/Vantage.Design.SurePath/VTG_145/UMLScanSpecimen_VTG_145.sequencediagram</path><path action="A" kind="file">/trunk/server/Design/SurePath/Vantage.Design.SurePath/VTG_147/UMLSpecialInstruction_VTG_147.classdiagram</path><path action="M" kind="file">/trunk/server/Design/SurePath/Vantage.Design.SurePath/Vantage.Design.SurePath.UML.modelproj</path><path action="A" kind="file">/trunk/server/Design/SurePath/Vantage.Design.SurePath/SRS_Template.docx</path><path action="A" kind="file">/trunk/server/Design/SurePath/Vantage.Design.SurePath/VTG_114/UMLCreateTubeWhenSpecimenScan_VTG_114.sequencediagram.layout</path></paths><msg>Added the Sequence Diagram, Class diagram and SRS for
VTG-114
VTG-145
VTG-147
VTG-183</msg></logentry></log>