<?xml version="1.0" encoding="UTF-8"?><log><logentry revision="396"><author>Karankaa</author><date>2013-12-20T09:18:47.297387Z</date><paths><path action="A" kind="file">/trunk/server/Design/SurePath/Vantage.Design.SurePath/VTG_78/UMLTubePage_VTG_78.sequencediagram</path><path action="M" kind="file">/trunk/server/Design/SurePath/Vantage.Design.SurePath/ModelDefinition/Vantage.Design.SurePath.uml</path><path action="A" kind="dir">/trunk/server/Design/SurePath/Vantage.Design.SurePath/VTG_78</path><path action="A" kind="file">/trunk/server/Design/SurePath/Vantage.Design.SurePath/VTG_82/UMLSlidePage_VTG_82.sequencediagram</path><path action="A" kind="file">/trunk/server/Design/SurePath/Vantage.Design.SurePath/VTG_82/UMLSlidePage_VTG_82.sequencediagram.layout</path><path action="A" kind="file">/trunk/server/Design/SurePath/Vantage.Design.SurePath/VTG_78/UMLTubePage_VTG_78.sequencediagram.layout</path><path action="A" kind="file">/trunk/server/Design/SurePath/Vantage.Design.SurePath/VTG_82/UMLSlidePage_VTG_82.classdiagram</path><path action="A" kind="dir">/trunk/server/Design/SurePath/Vantage.Design.SurePath/VTG_82</path><path action="A" kind="file">/trunk/server/Design/SurePath/Vantage.Design.SurePath/VTG_78/UMLTubePage_VTG_78.classdiagram.layout</path><path action="M" kind="file">/trunk/server/Design/SurePath/Vantage.Design.SurePath/Vantage.Design.SurePath.UML.modelproj</path><path action="A" kind="file">/trunk/server/Design/SurePath/Vantage.Design.SurePath/VTG_78/UMLTubePage_VTG_78.classdiagram</path><path action="A" kind="file">/trunk/server/Design/SurePath/Vantage.Design.SurePath/VTG_82/UMLSlidePage_VTG_82.classdiagram.layout</path><path action="A" kind="file">/trunk/server/Design/SurePath/Vantage.Design.SurePath/VTG_78/SRS_VTG_78.docx</path><path action="A" kind="file">/trunk/server/Design/SurePath/Vantage.Design.SurePath/VTG_82/SRS_VTG_82.docx</path></paths><msg>Added UML diagram for VTG_78 i.e tube page and VTG_82 i.e Slide Page</msg></logentry><logentry revision="397"><author>Karankaa</author><date>2013-12-20T10:06:45.545738Z</date><paths><path action="M" kind="file">/trunk/server/Design/SurePath/Vantage.Design.SurePath/VTG_78/SRS_VTG_78.docx</path></paths><msg>Updated the SRS_VTG_78.docx</msg></logentry><logentry revision="398"><author>Karankaa</author><date>2013-12-20T10:08:54.002973Z</date><paths><path action="M" kind="file">/trunk/server/Design/SurePath/Vantage.Design.SurePath/VTG_82/SRS_VTG_82.docx</path></paths><msg>Updated:SRS_VTG_82.docx</msg></logentry><logentry revision="399"><author>kunnures</author><date>2013-12-20T13:56:29.660050Z</date><paths><path action="M" kind="file">/trunk/server/Src/Model/Vantage.Model/Lis.cs</path><path action="M" kind="file">/trunk/server/Src/DataAccess/Vantage.DataAccess.NHibernate/Mappings/StainOrder.hbm.xml</path><path action="M" kind="file">/trunk/server/Src/DataAccess/Vantage.DataAccess.NHibernate/Mappings/QualityIssueWithResolution.hbm.xml</path><path action="M" kind="file">/trunk/server/External/NuGet/repositories.config</path><path action="M" kind="file">/trunk/server/Src/Model/Vantage.Model/Slide.cs</path><path action="A" kind="file">/trunk/server/Src/Model/Vantage.Model/Enum/TissueType.cs</path><path action="M" kind="file">/trunk/server/Src/Model/Vantage.Model/Vantage.Model.csproj</path><path action="M" kind="file">/trunk/server/Src/Model/Vantage.Model/Enum/OrderType.cs</path><path action="M" kind="file">/trunk/server/Src/Util/Vantage.Util.DataConverters/ConversionHelper.cs</path><path action="M" kind="file">/trunk/server/Src/Engine/Vantage.Engine.OrderManagement/OrderManagementEngine.cs</path><path action="M" kind="file">/trunk/server/Src/Engine/Vantage.Engine.Contracts/IOrderManagementEngine.cs</path><path action="M" kind="file">/trunk/server/Src/Model/Vantage.Model/Sample.cs</path><path action="M" kind="file">/trunk/server/Src/Service/Vantage.Service.OrderManagement/OrderManagementService.cs</path><path action="M" kind="file">/trunk/server/Src/DataAccess/Vantage.DataAccess.NHibernate/Repositories/CaseRepository.cs</path><path action="M" kind="file">/trunk/server/Src/Model/Vantage.Model/Specimen.cs</path><path action="M" kind="file">/trunk/server/Src/Engine/Vantage.Engine.OrderManagement/OrderManagmentValidations.cs</path><path action="M" kind="file">/trunk/server/Test/Engine/Vantage.Engine.OrderManagementTest/Vantage.Engine.OrderManagementTest.csproj</path><path action="M" kind="file">/trunk/server/Src/Service/Vantage.Service.Contracts/IOrderManagementService.cs</path><path action="A" kind="file">/trunk/server/Test/Engine/Vantage.Engine.OrderManagementTest/OrderManagementEngineTest.cs</path></paths><msg>Updated Integration NUnit test cases for VTG 33 and VTG 34</msg></logentry><logentry revision="400"><author>kunnures</author><date>2013-12-20T14:03:14.516755Z</date><paths><path action="M" kind="file">/trunk/server/Test/Service/Vantage.Service.OrderManagementTest/packages.config</path><path action="M" kind="file">/trunk/server/Test/Service/Vantage.Service.OrderManagementTest/Vantage.Service.OrderManagementTest.csproj</path><path action="M" kind="file">/trunk/server/Test/Service/Vantage.Service.OrderManagementTest/OrderManagementServiceTest.cs</path></paths><msg>updated integration test case for order management service</msg></logentry><logentry revision="401"><author>kunnures</author><date>2013-12-20T14:10:44.343649Z</date><paths><path action="A" kind="dir">/trunk/server/Test/Engine/Vantage.Engine.OrderManagementTest/x86</path><path action="A" kind="file">/trunk/server/Test/Engine/Vantage.Engine.OrderManagementTest/x64/SQLite.Interop.dll</path><path action="A" kind="file">/trunk/server/Test/Engine/Vantage.Engine.OrderManagementTest/x86/SQLite.Interop.dll</path><path action="A" kind="dir">/trunk/server/Test/Engine/Vantage.Engine.OrderManagementTest/x64</path><path action="A" kind="file">/trunk/server/Test/Engine/Vantage.Engine.OrderManagementTest/packages.config</path></paths><msg>added missing file for build</msg></logentry><logentry revision="402"><author>kaczmarc</author><date>2013-12-20T17:20:50.808202Z</date><paths><path action="A" kind="file">/trunk/server/Src/Model/Vantage.Model/EventCassetteRemarked.cs</path><path action="A" kind="file">/trunk/server/Src/Model/Vantage.Model/EventUnstainedSlideReconciled.cs</path><path action="A" kind="file">/trunk/server/Src/Model/Vantage.Model/EventSource.cs</path><path action="A" kind="file">/trunk/server/Src/Model/Vantage.Model/EventType.cs</path><path action="A" kind="file">/trunk/server/Src/Model/Vantage.Model/Enum/EventSourceType.cs</path><path action="A" kind="file">/trunk/server/Src/Model/Vantage.Model/EventUnstainedSlideAdded.cs</path><path action="A" kind="file">/trunk/server/Src/Model/Vantage.Model/EventSampleAccessioned.cs</path><path action="A" kind="file">/trunk/server/Src/Model/Vantage.Model/EventAddOnOrderRecieved.cs</path><path action="A" kind="file">/trunk/server/Src/Model/Vantage.Model/EventBlockEmbedded.cs</path><path action="A" kind="file">/trunk/server/Src/Model/Vantage.Model/Order.cs</path><path action="M" kind="file">/trunk/server/Src/Model/Vantage.Model/Vantage.Model.csproj</path><path action="A" kind="file">/trunk/server/Src/Model/Vantage.Model/EventCaseAccessioned.cs</path><path action="A" kind="file">/trunk/server/Src/Model/Vantage.Model/EventArchiveSampleCheckedOut.cs</path><path action="A" kind="file">/trunk/server/Src/Model/Vantage.Model/EventSampleLabelReprinted.cs</path><path action="A" kind="file">/trunk/server/Src/Model/Vantage.Model/EventSampleArchived.cs</path><path action="A" kind="file">/trunk/server/Src/Model/Vantage.Model/EventSlideStaining.cs</path><path action="A" kind="file">/trunk/server/Src/Model/Vantage.Model/EventSlideStainStarted.cs</path><path action="A" kind="file">/trunk/server/Src/Model/Vantage.Model/EventCassetteMarked.cs</path><path action="A" kind="file">/trunk/server/Src/Model/Vantage.Model/EventPatientDemographicUpdate.cs</path><path action="A" kind="file">/trunk/server/Src/Model/Vantage.Model/EventSpecialInstructionAdded.cs</path><path action="A" kind="file">/trunk/server/Src/Model/Vantage.Model/EventLogin.cs</path><path action="A" kind="file">/trunk/server/Src/Model/Vantage.Model/EventCassetteVerified.cs</path><path action="A" kind="file">/trunk/server/Src/Model/Vantage.Model/EventSlideStainEnd.cs</path><path action="A" kind="file">/trunk/server/Src/Model/Vantage.Model/EventSampleScanned.cs</path><path action="A" kind="file">/trunk/server/Src/Model/Vantage.Model/EventQualityIssueAdded.cs</path><path action="A" kind="file">/trunk/server/Src/Model/Vantage.Model/EventOrderCancelled.cs</path><path action="A" kind="file">/trunk/server/Src/Model/Vantage.Model/EventUpdateOrder.cs</path><path action="A" kind="file">/trunk/server/Src/Model/Vantage.Model/EventSampleLabelPrinted.cs</path><path action="A" kind="file">/trunk/server/Src/Model/Vantage.Model/Event.cs</path><path action="A" kind="file">/trunk/server/Src/Model/Vantage.Model/EventCassetteAdded.cs</path></paths><msg>Added auditing related objects to the Model.
</msg></logentry><logentry revision="403"><author>kaczmarc</author><date>2013-12-20T18:21:15.424186Z</date><paths><path action="M" kind="file">/trunk/server/Src/Model/Vantage.Model/EventSlideStaining.cs</path><path action="M" kind="file">/trunk/server/Src/Model/Vantage.Model/EventSampleScanned.cs</path></paths><msg>Add missing base class relationship to EventSlideStaining
Caputure manual event type for scan event
</msg></logentry><logentry revision="404"><author>kaczmarc</author><date>2013-12-20T21:43:00.455856Z</date><paths><path action="D" kind="file">/trunk/server/Src/Model/Vantage.Model/EventCassetteRemarked.cs</path><path action="A" copyfrom-path="/trunk/server/Src/Model/Vantage.Model/Event.cs" copyfrom-rev="402" kind="file">/trunk/server/Src/Model/Vantage.Model/Event/EventBase.cs</path><path action="A" copyfrom-path="/trunk/server/Src/Model/Vantage.Model/EventLogin.cs" copyfrom-rev="402" kind="file">/trunk/server/Src/Model/Vantage.Model/Event/EventLogin.cs</path><path action="D" kind="file">/trunk/server/Src/Model/Vantage.Model/EventUnstainedSlideReconciled.cs</path><path action="D" kind="file">/trunk/server/Src/Model/Vantage.Model/EventSource.cs</path><path action="A" copyfrom-path="/trunk/server/Src/Model/Vantage.Model/EventSlideStainEnd.cs" copyfrom-rev="402" kind="file">/trunk/server/Src/Model/Vantage.Model/Event/EventSlideStainEnd.cs</path><path action="D" kind="file">/trunk/server/Src/Model/Vantage.Model/EventType.cs</path><path action="A" copyfrom-path="/trunk/server/Src/Model/Vantage.Model/EventQualityIssueAdded.cs" copyfrom-rev="402" kind="file">/trunk/server/Src/Model/Vantage.Model/Event/EventQualityIssueAdded.cs</path><path action="D" kind="file">/trunk/server/Src/Model/Vantage.Model/EventUnstainedSlideAdded.cs</path><path action="D" kind="file">/trunk/server/Src/Model/Vantage.Model/EventSampleAccessioned.cs</path><path action="D" kind="file">/trunk/server/Src/Model/Vantage.Model/EventAddOnOrderRecieved.cs</path><path action="A" copyfrom-path="/trunk/server/Src/Model/Vantage.Model/EventSampleArchived.cs" copyfrom-rev="402" kind="file">/trunk/server/Src/Model/Vantage.Model/Event/EventSampleArchived.cs</path><path action="A" copyfrom-path="/trunk/server/Src/Model/Vantage.Model/EventCassetteMarked.cs" copyfrom-rev="402" kind="file">/trunk/server/Src/Model/Vantage.Model/Event/EventCassetteMarked.cs</path><path action="A" copyfrom-path="/trunk/server/Src/Model/Vantage.Model/EventCassetteAdded.cs" copyfrom-rev="402" kind="file">/trunk/server/Src/Model/Vantage.Model/Event/EventCassetteAdded.cs</path><path action="D" kind="file">/trunk/server/Src/Model/Vantage.Model/EventBlockEmbedded.cs</path><path action="A" copyfrom-path="/trunk/server/Src/Model/Vantage.Model/EventPatientDemographicUpdate.cs" copyfrom-rev="402" kind="file">/trunk/server/Src/Model/Vantage.Model/Event/EventPatientDemographicUpdate.cs</path><path action="D" kind="file">/trunk/server/Src/Model/Vantage.Model/EventCaseAccessioned.cs</path><path action="D" kind="file">/trunk/server/Src/Model/Vantage.Model/EventSampleArchived.cs</path><path action="D" kind="file">/trunk/server/Src/Model/Vantage.Model/EventSlideStaining.cs</path><path action="D" kind="file">/trunk/server/Src/Model/Vantage.Model/EventCassetteMarked.cs</path><path action="D" kind="file">/trunk/server/Src/Model/Vantage.Model/EventPatientDemographicUpdate.cs</path><path action="D" kind="file">/trunk/server/Src/Model/Vantage.Model/EventSpecialInstructionAdded.cs</path><path action="D" kind="file">/trunk/server/Src/Model/Vantage.Model/EventLogin.cs</path><path action="A" copyfrom-path="/trunk/server/Src/Model/Vantage.Model/EventArchiveSampleCheckedOut.cs" copyfrom-rev="402" kind="file">/trunk/server/Src/Model/Vantage.Model/Event/EventArchiveSampleCheckedOut.cs</path><path action="D" kind="file">/trunk/server/Src/Model/Vantage.Model/EventSlideStainEnd.cs</path><path action="D" kind="file">/trunk/server/Src/Model/Vantage.Model/EventQualityIssueAdded.cs</path><path action="D" kind="file">/trunk/server/Src/Model/Vantage.Model/EventCassetteAdded.cs</path><path action="A" copyfrom-path="/trunk/server/Src/Model/Vantage.Model/EventSlideStainStarted.cs" copyfrom-rev="402" kind="file">/trunk/server/Src/Model/Vantage.Model/Event/EventSlideStainStarted.cs</path><path action="D" kind="file">/trunk/server/Src/Model/Vantage.Model/Event.cs</path><path action="A" kind="dir">/trunk/server/Src/Model/Vantage.Model/Event</path><path action="A" copyfrom-path="/trunk/server/Src/Model/Vantage.Model/EventSampleLabelReprinted.cs" copyfrom-rev="402" kind="file">/trunk/server/Src/Model/Vantage.Model/Event/EventSampleLabelReprinted.cs</path><path action="A" copyfrom-path="/trunk/server/Src/Model/Vantage.Model/EventSampleScanned.cs" copyfrom-rev="403" kind="file">/trunk/server/Src/Model/Vantage.Model/Event/EventSampleScanned.cs</path><path action="A" copyfrom-path="/trunk/server/Src/Model/Vantage.Model/EventUpdateOrder.cs" copyfrom-rev="402" kind="file">/trunk/server/Src/Model/Vantage.Model/Event/EventUpdateOrder.cs</path><path action="M" kind="file">/trunk/server/Src/Model/Vantage.Model/Vantage.Model.csproj</path><path action="A" copyfrom-path="/trunk/server/Src/Model/Vantage.Model/EventCassetteVerified.cs" copyfrom-rev="402" kind="file">/trunk/server/Src/Model/Vantage.Model/Event/EventCassetteVerified.cs</path><path action="D" kind="file">/trunk/server/Src/Model/Vantage.Model/EventArchiveSampleCheckedOut.cs</path><path action="D" kind="file">/trunk/server/Src/Model/Vantage.Model/EventSampleLabelReprinted.cs</path><path action="A" copyfrom-path="/trunk/server/Src/Model/Vantage.Model/EventOrderCancelled.cs" copyfrom-rev="402" kind="file">/trunk/server/Src/Model/Vantage.Model/Event/EventOrderCancelled.cs</path><path action="A" copyfrom-path="/trunk/server/Src/Model/Vantage.Model/EventUnstainedSlideAdded.cs" copyfrom-rev="402" kind="file">/trunk/server/Src/Model/Vantage.Model/Event/EventUnstainedSlideAdded.cs</path><path action="A" copyfrom-path="/trunk/server/Src/Model/Vantage.Model/EventSampleLabelPrinted.cs" copyfrom-rev="402" kind="file">/trunk/server/Src/Model/Vantage.Model/Event/EventSampleLabelPrinted.cs</path><path action="A" copyfrom-path="/trunk/server/Src/Model/Vantage.Model/EventSampleAccessioned.cs" copyfrom-rev="402" kind="file">/trunk/server/Src/Model/Vantage.Model/Event/EventSampleAccessioned.cs</path><path action="A" kind="file">/trunk/server/Src/Model/Vantage.Model/Event/EventSlideQualityChecked.cs</path><path action="D" kind="file">/trunk/server/Src/Model/Vantage.Model/EventSlideStainStarted.cs</path><path action="A" copyfrom-path="/trunk/server/Src/Model/Vantage.Model/EventBlockEmbedded.cs" copyfrom-rev="402" kind="file">/trunk/server/Src/Model/Vantage.Model/Event/EventBlockEmbedded.cs</path><path action="A" copyfrom-path="/trunk/server/Src/Model/Vantage.Model/EventCassetteRemarked.cs" copyfrom-rev="402" kind="file">/trunk/server/Src/Model/Vantage.Model/Event/EventCassetteRemarked.cs</path><path action="A" copyfrom-path="/trunk/server/Src/Model/Vantage.Model/EventUnstainedSlideReconciled.cs" copyfrom-rev="402" kind="file">/trunk/server/Src/Model/Vantage.Model/Event/EventUnstainedSlideReconciled.cs</path><path action="A" copyfrom-path="/trunk/server/Src/Model/Vantage.Model/EventSource.cs" copyfrom-rev="402" kind="file">/trunk/server/Src/Model/Vantage.Model/Event/EventSource.cs</path><path action="D" kind="file">/trunk/server/Src/Model/Vantage.Model/EventCassetteVerified.cs</path><path action="A" copyfrom-path="/trunk/server/Src/Model/Vantage.Model/EventCaseAccessioned.cs" copyfrom-rev="402" kind="file">/trunk/server/Src/Model/Vantage.Model/Event/EventCaseAccessioned.cs</path><path action="A" copyfrom-path="/trunk/server/Src/Model/Vantage.Model/EventType.cs" copyfrom-rev="402" kind="file">/trunk/server/Src/Model/Vantage.Model/Event/EventType.cs</path><path action="D" kind="file">/trunk/server/Src/Model/Vantage.Model/EventSampleScanned.cs</path><path action="D" kind="file">/trunk/server/Src/Model/Vantage.Model/EventOrderCancelled.cs</path><path action="D" kind="file">/trunk/server/Src/Model/Vantage.Model/EventUpdateOrder.cs</path><path action="A" copyfrom-path="/trunk/server/Src/Model/Vantage.Model/EventAddOnOrderRecieved.cs" copyfrom-rev="402" kind="file">/trunk/server/Src/Model/Vantage.Model/Event/EventAddOnOrderRecieved.cs</path><path action="D" kind="file">/trunk/server/Src/Model/Vantage.Model/EventSampleLabelPrinted.cs</path><path action="A" copyfrom-path="/trunk/server/Src/Model/Vantage.Model/EventSlideStaining.cs" copyfrom-rev="403" kind="file">/trunk/server/Src/Model/Vantage.Model/Event/EventSlideStaining.cs</path><path action="A" copyfrom-path="/trunk/server/Src/Model/Vantage.Model/EventSpecialInstructionAdded.cs" copyfrom-rev="402" kind="file">/trunk/server/Src/Model/Vantage.Model/Event/EventSpecialInstructionAdded.cs</path><path action="A" kind="file">/trunk/server/Src/Model/Vantage.Model/Event/EventProcessInterrupted.cs</path></paths><msg>Created seperate namespace for Event classes
Added new evnet types
removed EventData member from base event class
</msg></logentry><logentry revision="405"><author>kaczmarc</author><date>2013-12-20T21:50:45.470736Z</date><paths><path action="M" kind="file">/trunk/server/Src/Model/Vantage.Model/Event/EventBase.cs</path></paths><msg>Disallow creation of EventBase instances.
</msg></logentry><logentry revision="406"><author>kunnures</author><date>2013-12-23T12:52:33.904703Z</date><paths><path action="M" kind="file">/trunk/server/Vantage.sln</path><path action="M" kind="file">/trunk/server/Src/Util/Vantage.Util.DataConverters/ConversionHelper.cs</path><path action="M" kind="file">/trunk/server/Src/Engine/Vantage.Engine.OrderManagement/OrderManagementEngine.cs</path><path action="M" kind="file">/trunk/server/Src/Engine/Vantage.Engine.OrderManagement/OrderManagmentValidations.cs</path><path action="M" kind="file">/trunk/server/Test/Engine/Vantage.Engine.OrderManagementTest/Vantage.Engine.OrderManagementTest.csproj</path><path action="M" kind="file">/trunk/server/Test/Engine/Vantage.Engine.OrderManagementTest/OrderManagementEngineTest.cs</path></paths><msg>Updated NUnit test for VTG 33,34,161,162,53,48,49,50 and Supplemental Informations</msg></logentry><logentry revision="418"><author>kunnures</author><date>2013-12-24T12:49:29.684967Z</date><paths><path action="M" kind="file">/trunk/server/Test/DataAccess/Vantage.DataAccess.NHibernateTest/Vantage.DataAccess.NHibernateTest.csproj</path><path action="M" kind="file">/trunk/server/Src/Engine/Vantage.Engine.OrderManagement/OrderManagementEngine.cs</path><path action="M" kind="file">/trunk/server/Src/Engine/Vantage.Engine.Contracts/IOrderManagementEngine.cs</path><path action="M" kind="file">/trunk/server/Src/Engine/Vantage.Engine.OrderManagement/OrderManagmentValidations.cs</path><path action="M" kind="file">/trunk/server/Test/Engine/Vantage.Engine.OrderManagementTest/OrderManagementEngineTest.cs</path></paths><msg>Updated NUnit test case for Order Management</msg></logentry></log>