<?xml version="1.0" encoding="UTF-8"?>
<l:dependencies xmlns:l='licenses' groupId='org.jenkins-ci.plugins' artifactId='build-pipeline-plugin' version='1.4.2'><l:dependency name='Build Pipeline Plugin' groupId='org.jenkins-ci.plugins' artifactId='build-pipeline-plugin' version='1.4.2' url='https://wiki.jenkins-ci.org/display/JENKINS/Build+Pipeline+Plugin'><l:description>This plugin provides build pipeline functionality to Hudson and Jenkins.  This allows a chain of jobs to be visualised in a new view.  Manual jobs in the pipeline can be triggered by a user with the appropriate permissions manually confirming.</l:description><l:license name='MIT License' url='http://www.opensource.org/licenses/mit-license.php'/></l:dependency><l:dependency name='HttpClient' groupId='org.apache.httpcomponents' artifactId='httpclient' version='4.2.1' url='http://hc.apache.org/httpcomponents-client'><l:description>HttpComponents Client (base module)</l:description><l:license name='Apache License' url='LICENSE.txt'/></l:dependency><l:dependency name='JSON (JavaScript Object Notation)' groupId='org.json' artifactId='json' version='20080701' url='http://www.json.org/java/index.html'><l:description>JSON (JavaScript Object Notation) is a lightweight data-interchange format.
    It is easy for humans to read and write. It is easy for machines to parse and generate.
    It is based on a subset of the JavaScript Programming Language, Standard ECMA-262 3rd Edition
    - December 1999. JSON is a text format that is completely language independent but uses
    conventions that are familiar to programmers of the C-family of languages, including C, C++, C#,
    Java, JavaScript, Perl, Python, and many others.
    These properties make JSON an ideal data-interchange language.</l:description><l:license name='provided without support or warranty' url='http://www.json.org/license.html'/></l:dependency><l:dependency name='Commons Logging' groupId='commons-logging' artifactId='commons-logging' version='1.1.1' url='http://commons.apache.org/logging'><l:description>Commons Logging is a thin adapter allowing configurable bridging to other,
    well known logging systems.</l:description><l:license name='The Apache Software License, Version 2.0' url='http://www.apache.org/licenses/LICENSE-2.0.txt'/></l:dependency><l:dependency name='HttpCore' groupId='org.apache.httpcomponents' artifactId='httpcore' version='4.2.1' url='http://hc.apache.org/httpcomponents-core-ga'><l:description>HttpComponents Core (blocking I/O)</l:description><l:license name='Apache License' url='LICENSE.txt'/></l:dependency><l:dependency name='selenium-firefox-driver' groupId='org.seleniumhq.selenium' artifactId='selenium-firefox-driver' version='2.31.0' url='http://selenium.googlecode.com/selenium-firefox-driver/'><l:description>Browser automation framework</l:description><l:license name='The Apache Software License, Version 2.0' url='http://www.apache.org/licenses/LICENSE-2.0.txt'/></l:dependency><l:dependency name='selenium-chrome-driver' groupId='org.seleniumhq.selenium' artifactId='selenium-chrome-driver' version='2.31.0' url='http://selenium.googlecode.com/selenium-chrome-driver/'><l:description>Browser automation framework</l:description><l:license name='The Apache Software License, Version 2.0' url='http://www.apache.org/licenses/LICENSE-2.0.txt'/></l:dependency><l:dependency name='selenium-api' groupId='org.seleniumhq.selenium' artifactId='selenium-api' version='2.31.0' url='http://selenium.googlecode.com/selenium-api/'><l:description>Browser automation framework</l:description><l:license name='The Apache Software License, Version 2.0' url='http://www.apache.org/licenses/LICENSE-2.0.txt'/></l:dependency><l:dependency name='selenium-support' groupId='org.seleniumhq.selenium' artifactId='selenium-support' version='2.31.0' url='http://selenium.googlecode.com/selenium-support/'><l:description>Browser automation framework</l:description><l:license name='The Apache Software License, Version 2.0' url='http://www.apache.org/licenses/LICENSE-2.0.txt'/></l:dependency><l:dependency name='Commons Exec' groupId='org.apache.commons' artifactId='commons-exec' version='1.1' url='http://commons.apache.org/exec/'><l:description>A library to reliably execute external processes from within the JVM</l:description><l:license name='The Apache Software License, Version 2.0' url='http://www.apache.org/licenses/LICENSE-2.0.txt'/></l:dependency><l:dependency name='Jenkins Mailer Plugin' groupId='org.jenkins-ci.plugins' artifactId='mailer' version='1.5' url='http://wiki.jenkins-ci.org/display/JENKINS/Mailer'><l:description/><l:license name='The MIT license' url='http://www.opensource.org/licenses/mit-license.php'/></l:dependency><l:dependency name='selenium-ie-driver' groupId='org.seleniumhq.selenium' artifactId='selenium-ie-driver' version='2.31.0' url='http://selenium.googlecode.com/selenium-ie-driver/'><l:description>Browser automation framework</l:description><l:license name='The Apache Software License, Version 2.0' url='http://www.apache.org/licenses/LICENSE-2.0.txt'/></l:dependency><l:dependency name='selenium-remote-driver' groupId='org.seleniumhq.selenium' artifactId='selenium-remote-driver' version='2.31.0' url='http://selenium.googlecode.com/selenium-remote-driver/'><l:description>Browser automation framework</l:description><l:license name='The Apache Software License, Version 2.0' url='http://www.apache.org/licenses/LICENSE-2.0.txt'/></l:dependency><l:dependency name='Java Native Access' groupId='net.java.dev.jna' artifactId='jna' version='3.4.0' url='https://github.com/twall/jna'><l:description>Java Native Access</l:description><l:license name='LGPL, version 2.1' url='http://creativecommons.org/licenses/LGPL/2.1/'/></l:dependency><l:dependency name='Java Native Access Platform' groupId='net.java.dev.jna' artifactId='platform' version='3.4.0' url='https://github.com/twall/jna'><l:description>Java Native Access Platform</l:description><l:license name='LGPL, version 2.1' url='http://creativecommons.org/licenses/LGPL/2.1/'/></l:dependency></l:dependencies>