<l:dependencies xmlns:l='licenses'>
  <l:dependency name='Jenkins Growl Plugin' groupId='org.jenkins-ci.plugins' artifactId='growl' version='1.1' url='https://wiki.jenkins-ci.org/display/JENKINS/Growl+Plugin'>
    <l:description>Sends growl notification</l:description>
  </l:dependency>
  <l:dependency name='HttpClient' groupId='commons-httpclient' artifactId='commons-httpclient' version='3.1' url='http://jakarta.apache.org/httpcomponents/httpclient-3.x/'>
    <l:description>The HttpClient  component supports the client-side of RFC 1945 (HTTP/1.0)  and RFC 2616 (HTTP/1.1) , several related specifications (RFC 2109 (Cookies) , RFC 2617 (HTTP Authentication) , etc.), and provides a framework by which new request types (methods) or HTTP extensions can be created easily.</l:description>
    <l:license name='Apache License' url='http://www.apache.org/licenses/LICENSE-2.0' />
  </l:dependency>
  <l:dependency name='Codec' groupId='commons-codec' artifactId='commons-codec' version='1.2'>
    <l:description>The codec package contains simple encoder and decoders for
   various formats such as Base64 and Hexadecimal.  In addition to these
   widely used encoders and decoders, the codec package also maintains a
   collection of phonetic encoding utilities.</l:description>
  </l:dependency>
  <l:dependency name='libgrowl' groupId='net.sf.libgrowl' artifactId='libgrowl' version='0.4' url='http://nexus.sonatype.org/oss-repository-hosting.html/libgrowl'>
    <l:description>Sends growl notification using the GNTP protocol</l:description>
  </l:dependency>
  <l:dependency name='Logging' groupId='commons-logging' artifactId='commons-logging' version='1.0.4' url='http://jakarta.apache.org/commons/logging/'>
    <l:description>Commons Logging is a thin adapter allowing configurable bridging to other,
    well known logging systems.</l:description>
    <l:license name='The Apache Software License, Version 2.0' url='/LICENSE.txt' />
  </l:dependency>
</l:dependencies>