<?xml version="1.0" encoding="UTF-8"?>
<l:dependencies xmlns:l='licenses' groupId='org.jenkins-ci.plugins' artifactId='jquery' version='1.7.2-1'><l:dependency name='Jenkins jQuery plugin' groupId='org.jenkins-ci.plugins' artifactId='jquery' version='1.7.2-1' url='http://wiki.jenkins-ci.org/display/JENKINS/jQuery+Plugin'><l:description/></l:dependency><l:dependency name='Guava (Google Common Libraries)' groupId='com.google.guava' artifactId='guava' version='r06' url='http://code.google.com/p/guava-libraries'><l:description>Guava is a suite of core and expanded libraries that include 
    utility classes, google's collections, io classes, and much 
    much more.
    
    This project is a complete packaging of all the Guava libraries
    into a single jar.  Individual portions of Guava can be used
    by downloading the appropriate module and its dependencies.
    
    Guava (complete) has only one code dependency - javax.annotation,
    per the JSR-305 spec.</l:description><l:license name='The Apache Software License, Version 2.0' url='http://www.apache.org/licenses/LICENSE-2.0.txt'/></l:dependency><l:dependency name='Type arithmetic library for Java5' groupId='org.jvnet' artifactId='tiger-types' version='1.3' url=''><l:description/></l:dependency><l:dependency name='Commons FileUpload' groupId='commons-fileupload' artifactId='commons-fileupload' version='1.2.1' url='http://commons.apache.org/fileupload/'><l:description>The FileUpload component provides a simple yet flexible means of adding support for multipart
    file upload functionality to servlets and web applications.</l:description><l:license name='The Apache Software License, Version 2.0' url='http://www.apache.org/licenses/LICENSE-2.0.txt'/></l:dependency><l:dependency name='jQuery at http://jquery.com/' groupId='org.kohsuke.stapler' artifactId='stapler-adjunct-jquery' version='1.7.2-0' url=''><l:description/><l:license name='MIT License' url='http://www.opensource.org/licenses/mit-license.php'/></l:dependency><l:dependency name='Stapler' groupId='org.kohsuke.stapler' artifactId='stapler' version='1.199' url='http://stapler.kohsuke.org/stapler/'><l:description>Stapler HTTP request handling engine</l:description><l:license name='2-clause BSD license' url='http://opensource.org/licenses/bsd-license.php'/></l:dependency><l:dependency name='asm3' groupId='org.kohsuke' artifactId='asm3' version='3.3.0' url='http://kohsuke.org/'><l:description>ObjectWeb ASM package-renamed to isolate incompatibilities between major versions</l:description><l:license name='BSD License' url='http://asm.ow2.org/license.html'/></l:dependency><l:dependency name='Discovery' groupId='commons-discovery' artifactId='commons-discovery' version='0.4' url='http://jakarta.apache.org/commons/${pom.artifactId.substring(8)}/'><l:description>Commons Discovery</l:description><l:license name='The Apache Software License, Version 2.0' url='/LICENSE.txt'/></l:dependency></l:dependencies>