<l:dependencies xmlns:l='licenses' groupId='org.jenkins-ci.plugins' artifactId='build-monitor-plugin' version='1.2+build.64'>
  <l:dependency name='Build Monitor View' groupId='org.jenkins-ci.plugins' artifactId='build-monitor-plugin' version='1.2+build.64' url='http://wiki.jenkins-ci.org/display/JENKINS/Build+Monitor+Plugin'>
    <l:description>Provides a highly visible view of the status of selected Jenkins jobs.
        It easily accommodates different computer screen sizes and is ideal as an Extreme Feedback Device to be
        displayed on a screen on your office wall.</l:description>
    <l:license name='MIT license' />
  </l:dependency>
  <l:dependency name='Jackson' groupId='org.codehaus.jackson' artifactId='jackson-core-asl' version='1.9.12' url='http://jackson.codehaus.org'>
    <l:description>Jackson is a high-performance JSON processor (parser, generator)</l:description>
    <l:license name='The Apache Software License, Version 2.0' url='http://www.apache.org/licenses/LICENSE-2.0.txt' />
  </l:dependency>
  <l:dependency name='Data Mapper for Jackson' groupId='org.codehaus.jackson' artifactId='jackson-mapper-asl' version='1.9.12' url='http://jackson.codehaus.org'>
    <l:description>Data Mapper package is a high-performance data binding package
built on Jackson JSON processor</l:description>
    <l:license name='The Apache Software License, Version 2.0' url='http://www.apache.org/licenses/LICENSE-2.0.txt' />
  </l:dependency>
</l:dependencies>